EmployeeID,Gender,Age,DepartmentID,JobLevel,HireDate,Salary,Attrition
1,Female,40,4,Junior,2023-08-10,69691.64,No
2,Male,55,2,Lead,2023-01-04,130706.07,No
3,Male,36,2,Mid,2024-12-11,66481.74,No
4,Female,50,1,Senior,2023-12-03,119306.72,No
5,Female,23,2,Mid,2023-04-01,69370.7,No
6,Female,43,4,Mid,2024-05-11,70288.42,No
7,Female,26,2,Mid,2023-08-02,88582.8,No
8,Female,59,6,Mid,2023-03-14,69286.73,No
9,Male,31,5,Senior,2024-02-24,108139.43,No
10,Male,53,4,Mid,2023-09-30,65939.25,Yes
11,Female,53,1,Senior,2024-05-18,98155.25,No
12,Female,42,5,Mid,2024-09-29,68944.84,No
13,Female,43,3,Mid,2024-09-03,97539.63,No
14,Female,33,4,Junior,2024-01-19,44796.55,Yes
15,Female,37,4,Mid,2023-06-17,98650.04,No
16,Male,46,6,Senior,2023-09-11,137132.94,No
17,Male,48,6,Mid,2024-05-09,67010.08,No
18,Female,24,4,Senior,2023-09-12,102678.34,Yes
19,Female,31,6,Junior,2024-05-05,41482.06,Yes
20,Female,52,1,Mid,2023-08-06,96480.36,No
21,Male,49,4,Junior,2024-08-18,67077.66,No
22,Female,30,6,Junior,2023-01-11,51470.98,Yes
23,Male,42,6,Senior,2023-09-13,133325.69,No
24,Male,30,2,Junior,2023-05-26,42845.17,Yes
25,Male,31,1,Junior,2023-05-02,59659.7,Yes
26,Male,53,2,Mid,2024-09-28,70812.82,No
27,Female,57,1,Mid,2024-09-10,89880.66,No
28,Female,22,4,Senior,2024-04-20,133900.83,No
29,Female,36,3,Mid,2024-12-14,86181.54,No
30,Male,40,5,Junior,2024-07-16,54701.78,No
31,Male,60,6,Mid,2023-11-28,98848.9,No
32,Male,57,2,Mid,2023-03-07,86576.07,No
33,Male,48,1,Junior,2023-03-19,59551.39,No
34,Female,54,5,Senior,2023-01-21,125595.24,No
35,Male,47,1,Mid,2023-08-19,65873.2,No
36,Male,59,4,Junior,2024-03-13,53679.76,No
37,Male,27,1,Mid,2024-05-06,71049.67,No
38,Male,50,6,Mid,2024-10-09,91548.4,No
39,Female,38,2,Senior,2024-05-07,136250.55,No
40,Female,22,2,Mid,2023-11-17,72071.27,No
41,Male,33,1,Senior,2024-06-18,108617.11,No
42,Male,28,2,Senior,2024-12-21,114497.31,No
43,Female,34,3,Mid,2023-03-25,98293.35,No
44,Female,31,6,Junior,2024-06-03,45996.43,No
45,Male,47,4,Junior,2024-02-16,53106.43,No
46,Male,46,5,Junior,2023-10-06,42968.75,No
47,Male,45,1,Junior,2023-03-18,55036.06,Yes
48,Female,37,1,Mid,2024-07-11,70175.86,No
49,Male,22,3,Junior,2023-06-20,44048.57,No
50,Male,25,3,Senior,2023-07-12,113771.19,No
51,Female,59,4,Junior,2023-01-19,59761.4,Yes
52,Female,34,2,Mid,2023-03-03,82407.45,No
53,Male,43,2,Mid,2023-10-04,70371.49,No
54,Male,26,6,Mid,2023-03-11,71522.16,Yes
55,Male,44,1,Senior,2023-06-15,96671.65,No
56,Female,32,1,Mid,2023-04-17,73143.71,No
57,Male,34,6,Junior,2024-06-21,52704.28,No
58,Male,44,5,Junior,2024-06-29,58990.12,No
59,Male,52,2,Junior,2024-03-28,64202.18,No
60,Male,56,5,Mid,2023-04-25,98956.18,No
61,Female,45,1,Lead,2023-12-27,138667.56,No
62,Male,32,2,Junior,2024-07-03,55015.15,No
63,Male,40,4,Junior,2024-01-07,67304.37,No
64,Male,45,5,Mid,2023-05-15,99795.47,No
65,Female,35,6,Lead,2023-04-20,140633.81,No
66,Female,40,1,Mid,2023-06-14,73401.64,No
67,Female,34,6,Mid,2023-08-06,73853.31,No
68,Male,38,1,Mid,2024-07-04,95056.04,No
69,Male,50,3,Senior,2023-05-23,127887.56,No
70,Male,22,6,Mid,2024-08-18,75381.22,No
71,Male,57,4,Mid,2024-11-19,66923.42,No
72,Male,51,3,Senior,2024-02-03,120317.48,No
73,Male,38,1,Senior,2024-01-19,124515.86,No
74,Male,34,5,Mid,2023-12-08,96170.92,Yes
75,Female,31,3,Junior,2023-04-17,60470.54,No
76,Male,53,6,Junior,2024-05-22,46535.92,No
77,Female,45,1,Junior,2023-07-17,65283.2,No
78,Female,25,1,Junior,2024-09-08,59643.91,Yes
79,Female,50,4,Senior,2024-05-27,119188.72,No
80,Male,45,2,Mid,2023-12-21,79063.88,No
81,Female,59,2,Mid,2024-03-25,92629.26,Yes
82,Male,36,5,Mid,2024-08-20,91220.01,No
83,Male,39,3,Junior,2024-12-09,49850.48,No
84,Male,31,1,Junior,2024-10-01,44741.99,Yes
85,Male,29,6,Mid,2024-02-19,69280.0,Yes
86,Male,23,1,Senior,2023-09-06,104880.92,No
87,Male,55,6,Junior,2024-11-10,64375.56,No
88,Female,44,4,Lead,2023-02-05,158852.46,Yes
89,Female,52,2,Mid,2023-02-08,97417.93,Yes
90,Female,38,5,Lead,2023-06-17,144455.42,No
91,Male,40,1,Mid,2023-04-29,75054.05,Yes
92,Female,31,3,Junior,2023-11-12,51714.05,No
93,Female,25,3,Mid,2024-03-11,82943.06,Yes
94,Male,45,6,Lead,2023-07-23,132336.16,No
95,Male,23,4,Mid,2024-05-29,72008.72,Yes
96,Female,43,1,Junior,2024-11-14,63205.28,No
97,Male,44,5,Lead,2024-01-20,139490.16,No
98,Male,45,4,Senior,2023-05-27,109782.94,No
99,Male,27,1,Senior,2023-09-09,127357.47,No
100,Female,32,6,Mid,2024-02-09,65972.51,No
101,Male,36,1,Lead,2023-01-25,174679.38,No
102,Male,54,2,Lead,2023-06-20,162751.74,No
103,Male,30,5,Mid,2024-01-31,66694.05,No
104,Male,29,4,Senior,2023-02-19,98352.04,No
105,Female,50,6,Junior,2023-10-26,52402.41,No
106,Male,44,1,Senior,2024-12-19,113418.26,No
107,Male,42,6,Senior,2023-09-29,133078.58,Yes
108,Female,44,2,Junior,2024-10-09,44830.28,Yes
109,Male,43,1,Senior,2023-06-20,130510.24,No
110,Male,23,2,Mid,2023-11-29,85061.86,No
111,Female,32,5,Senior,2023-07-23,99387.65,No
112,Male,35,6,Junior,2024-02-10,51520.91,No
113,Female,24,2,Junior,2023-11-03,49635.87,No
114,Female,27,5,Mid,2024-04-20,81132.15,No
115,Male,50,1,Senior,2024-01-25,136021.82,Yes
116,Male,32,5,Senior,2023-05-04,122733.6,Yes
117,Female,55,2,Senior,2024-10-12,95085.77,No
118,Female,50,1,Senior,2024-08-10,113336.07,No
119,Female,53,6,Senior,2023-09-29,103390.52,No
120,Male,26,2,Senior,2023-06-13,136328.38,No
121,Female,47,5,Mid,2023-04-29,77885.92,No
122,Female,37,4,Lead,2023-12-16,153632.67,No
123,Female,39,2,Junior,2024-12-03,57165.94,No
124,Male,48,2,Mid,2024-10-09,96425.14,No
125,Male,56,5,Junior,2023-06-19,42841.06,No
126,Female,49,5,Junior,2024-07-01,48111.66,No
127,Female,29,3,Junior,2024-07-30,69043.51,No
128,Female,54,5,Mid,2024-06-02,98956.16,No
129,Male,48,6,Junior,2024-11-22,51901.09,No
130,Male,40,4,Junior,2024-03-03,45907.82,No
131,Female,47,4,Lead,2023-10-17,159330.76,No
132,Male,45,3,Junior,2024-06-26,52834.81,Yes
133,Female,36,2,Mid,2023-04-16,76713.26,No
134,Female,33,3,Junior,2024-09-01,55793.85,No
135,Male,25,6,Mid,2024-05-07,93918.02,No
136,Female,46,3,Junior,2024-04-19,63568.8,No
137,Female,46,6,Junior,2024-10-02,53435.85,No
138,Male,35,6,Lead,2024-06-10,171452.12,Yes
139,Male,46,6,Lead,2023-12-12,157455.71,No
140,Male,47,1,Mid,2024-06-20,85155.51,Yes
141,Male,28,4,Mid,2024-02-12,79414.7,No
142,Male,25,4,Mid,2023-09-07,87551.66,Yes
143,Female,38,2,Senior,2024-04-28,106863.74,No
144,Male,49,4,Mid,2023-12-17,96165.11,No
145,Male,40,3,Senior,2024-12-01,115082.59,No
146,Male,29,4,Junior,2024-10-31,54082.09,No
147,Male,36,5,Lead,2023-09-23,133781.89,No
148,Female,26,2,Junior,2024-01-16,58862.52,No
149,Male,53,1,Lead,2024-06-12,167616.11,Yes
150,Male,53,2,Senior,2024-03-02,130843.42,No
151,Male,34,1,Senior,2023-12-08,121944.79,No
152,Female,47,3,Senior,2023-04-06,132176.24,No
153,Female,24,6,Senior,2023-09-08,136302.84,No
154,Male,52,6,Mid,2024-10-31,74534.45,Yes
155,Male,53,5,Senior,2024-08-26,112431.76,No
156,Female,27,5,Mid,2023-10-04,93523.38,No
157,Male,33,6,Junior,2023-02-12,43957.98,No
158,Male,38,5,Junior,2023-06-15,51659.38,No
159,Female,38,4,Senior,2024-12-11,123718.91,Yes
160,Male,52,3,Mid,2023-03-14,82000.37,No
161,Male,43,2,Senior,2023-01-01,102059.78,No
162,Female,59,2,Mid,2023-01-02,83561.55,No
163,Female,31,2,Junior,2023-09-24,64889.9,Yes
164,Female,52,6,Lead,2024-10-12,171529.56,No
165,Male,25,2,Mid,2023-05-14,87673.32,No
166,Male,45,4,Mid,2024-01-15,72254.59,No
167,Female,43,5,Junior,2023-02-03,66297.6,No
168,Female,58,4,Mid,2023-08-14,87608.03,No
169,Male,60,1,Junior,2024-08-10,41109.2,No
170,Male,55,2,Mid,2024-06-15,80272.82,No
171,Male,55,5,Junior,2023-02-13,50243.85,Yes
172,Male,42,3,Mid,2024-03-12,97772.68,No
173,Male,52,6,Junior,2023-07-10,42007.34,No
174,Male,33,6,Senior,2024-03-23,111093.29,No
175,Female,33,5,Junior,2023-09-07,61649.6,No
176,Male,26,3,Mid,2023-06-03,93259.6,No
177,Female,52,4,Senior,2023-11-19,98632.17,No
178,Female,55,1,Mid,2023-11-28,78081.87,No
179,Female,23,2,Senior,2024-11-03,129082.19,No
180,Female,32,6,Mid,2023-03-16,66088.31,No
181,Male,47,2,Mid,2024-09-28,72125.98,No
182,Female,53,4,Mid,2024-09-19,66228.03,No
183,Female,30,6,Mid,2023-01-03,99726.99,No
184,Male,34,3,Mid,2024-09-30,97098.66,No
185,Male,41,2,Senior,2024-02-26,111073.78,No
186,Male,57,5,Senior,2024-04-07,113979.56,No
187,Male,25,2,Junior,2023-11-09,66965.13,No
188,Male,56,3,Mid,2024-01-29,89937.7,No
189,Female,41,2,Junior,2024-05-06,47903.72,No
190,Female,22,2,Junior,2023-12-14,56550.46,No
191,Female,31,3,Senior,2023-12-22,100593.95,No
192,Male,31,6,Junior,2023-07-08,43882.4,No
193,Male,29,3,Mid,2024-04-02,84764.32,Yes
194,Female,26,4,Junior,2023-03-24,48554.14,No
195,Female,26,2,Junior,2024-01-09,46913.52,No
196,Male,40,1,Lead,2023-11-11,139011.52,No
197,Female,23,6,Junior,2023-10-11,63782.42,No
198,Male,50,6,Mid,2023-06-12,95616.6,No
199,Male,50,4,Lead,2024-01-11,166073.93,Yes
200,Female,41,5,Mid,2023-05-02,74409.2,No
201,Male,36,1,Mid,2024-10-18,99827.98,No
202,Male,28,5,Junior,2023-12-05,55882.1,No
203,Male,35,3,Lead,2024-09-13,169872.4,Yes
204,Female,51,2,Senior,2024-03-23,96267.58,No
205,Male,51,2,Junior,2024-03-29,63987.44,No
206,Male,37,2,Lead,2023-06-03,178174.37,No
207,Female,54,4,Senior,2023-01-31,128788.6,Yes
208,Female,27,4,Junior,2023-04-21,50771.31,No
209,Male,59,6,Junior,2024-05-17,45379.41,No
210,Male,22,5,Mid,2023-05-13,65313.79,No
211,Female,40,3,Junior,2024-09-07,56261.82,No
212,Male,56,3,Junior,2023-11-22,60012.06,No
213,Male,48,4,Junior,2024-01-16,43030.4,No
214,Male,24,5,Junior,2024-04-09,54020.72,No
215,Male,23,1,Junior,2023-05-10,64308.07,Yes
216,Female,59,3,Mid,2024-02-13,93269.87,No
217,Female,32,2,Mid,2024-09-26,68745.07,No
218,Female,37,4,Lead,2023-12-29,142202.5,No
219,Male,36,6,Junior,2024-01-20,51758.87,No
220,Male,49,2,Junior,2023-06-09,56376.7,No
221,Male,56,2,Mid,2023-04-16,69013.83,No
222,Male,60,4,Lead,2023-02-18,178148.9,Yes
223,Female,29,2,Senior,2024-09-09,128728.89,No
224,Female,41,6,Senior,2024-06-23,116165.07,No
225,Female,49,3,Junior,2024-05-17,66975.18,No
226,Male,60,5,Mid,2024-08-26,77586.53,No
227,Female,39,5,Senior,2024-04-29,110442.24,No
228,Female,31,2,Mid,2024-08-30,76729.72,Yes
229,Male,41,5,Junior,2024-07-11,43586.77,No
230,Female,37,6,Lead,2023-10-25,154726.23,No
231,Female,33,1,Senior,2023-07-10,131997.81,Yes
232,Male,52,3,Senior,2024-09-12,114257.04,No
233,Male,25,1,Senior,2023-09-20,118865.68,Yes
234,Male,36,3,Lead,2023-12-18,168876.03,No
235,Female,25,1,Senior,2023-07-16,115579.77,No
236,Male,39,6,Junior,2024-12-19,65768.29,Yes
237,Female,32,5,Mid,2023-03-06,74973.33,No
238,Female,52,6,Mid,2023-03-03,91648.77,No
239,Female,28,3,Junior,2023-03-17,62322.68,No
240,Female,32,2,Junior,2024-02-04,58613.04,No
241,Male,46,3,Senior,2023-01-25,133885.31,Yes
242,Male,49,3,Senior,2024-04-18,119733.27,No
243,Female,31,1,Mid,2024-03-31,71367.89,No
244,Female,44,5,Senior,2024-04-21,109156.14,No
245,Female,51,6,Junior,2024-08-21,52422.75,No
246,Female,36,3,Lead,2023-04-02,166251.51,No
247,Female,39,4,Senior,2023-03-29,137373.21,Yes
248,Female,32,2,Junior,2024-12-30,49652.41,No
249,Female,45,1,Lead,2024-09-13,137641.82,No
250,Male,60,3,Senior,2024-11-24,123256.92,No
251,Female,38,1,Mid,2023-07-20,74352.07,Yes
252,Male,29,2,Senior,2023-07-04,109769.46,No
253,Female,45,6,Junior,2023-09-07,63832.66,No
254,Male,47,5,Mid,2023-05-19,77407.94,No
255,Male,59,4,Mid,2024-09-02,80800.44,Yes
256,Female,34,1,Mid,2023-11-20,73282.36,No
257,Female,36,6,Senior,2023-07-25,105394.7,No
258,Female,26,1,Senior,2023-07-28,134028.06,No
259,Male,46,2,Junior,2023-12-18,51896.43,No
260,Female,28,6,Senior,2023-12-08,124721.0,No
261,Female,40,6,Junior,2024-12-05,62703.27,Yes
262,Female,29,5,Mid,2024-06-16,97114.22,Yes
263,Male,26,6,Senior,2023-02-01,119116.35,No
264,Female,32,4,Senior,2024-04-16,138283.23,No
265,Female,55,6,Junior,2023-12-06,45916.4,No
266,Female,56,6,Senior,2023-01-13,105734.35,No
267,Female,40,3,Senior,2023-01-04,116319.62,Yes
268,Male,51,5,Junior,2024-07-08,40765.02,Yes
269,Male,42,6,Mid,2024-06-15,84209.26,Yes
270,Female,55,4,Lead,2024-12-22,169566.61,No
271,Female,43,1,Mid,2023-04-24,70903.77,No
272,Female,53,3,Junior,2023-12-12,45028.45,No
273,Female,31,6,Lead,2023-11-16,169974.58,No
274,Female,52,5,Mid,2024-12-24,95084.84,Yes
275,Female,41,5,Junior,2023-04-11,64746.02,No
276,Female,43,3,Junior,2024-02-21,54576.7,No
277,Male,40,4,Junior,2023-04-30,64866.32,No
278,Male,33,1,Lead,2023-03-07,153385.57,No
279,Female,26,4,Mid,2024-06-23,97619.41,No
280,Female,35,1,Junior,2023-03-13,55205.69,No
281,Male,30,2,Junior,2023-06-26,61363.04,Yes
282,Male,49,5,Junior,2024-03-10,66041.92,No
283,Male,54,5,Mid,2023-09-13,90085.53,No
284,Male,40,4,Senior,2024-11-08,109460.84,Yes
285,Female,51,5,Junior,2024-02-28,46770.03,No
286,Male,43,2,Junior,2023-05-19,54155.85,No
287,Male,29,4,Senior,2024-11-27,129475.22,No
288,Female,28,6,Senior,2023-01-08,107393.2,No
289,Male,45,3,Junior,2024-12-31,62883.85,No
290,Female,28,3,Senior,2023-10-08,98323.79,No
291,Male,25,5,Junior,2024-10-24,41388.17,No
292,Male,40,3,Mid,2023-02-08,71641.0,No
293,Female,39,3,Senior,2023-10-16,100429.03,No
294,Male,32,5,Mid,2023-04-19,74869.6,No
295,Male,50,6,Mid,2023-07-10,96378.76,No
296,Male,49,5,Senior,2023-04-03,112417.38,No
297,Female,50,5,Junior,2024-03-15,51176.77,No
298,Female,28,5,Senior,2024-11-28,104828.29,Yes
299,Female,29,2,Mid,2024-10-21,89365.08,No
300,Male,27,3,Junior,2024-01-27,47408.39,No
301,Female,38,6,Senior,2024-07-29,115965.83,Yes
302,Male,59,1,Mid,2024-07-03,70090.43,No
303,Female,34,1,Junior,2024-03-01,61603.55,No
304,Female,46,1,Senior,2024-10-23,133401.52,No
305,Male,48,1,Junior,2024-03-29,69806.18,Yes
306,Male,29,6,Junior,2024-05-10,65367.51,No
307,Male,24,2,Senior,2023-03-20,139835.12,No
308,Male,23,6,Mid,2024-09-26,79622.44,No
309,Female,45,1,Mid,2024-09-06,84327.89,No
310,Female,47,5,Mid,2024-05-22,80126.57,No
311,Female,57,2,Junior,2023-04-11,47694.54,No
312,Female,55,2,Lead,2023-03-15,157677.21,No
313,Male,56,4,Junior,2024-11-02,40955.6,Yes
314,Male,60,5,Mid,2023-08-01,96675.98,No
315,Female,37,6,Mid,2023-02-13,97870.38,No
316,Male,56,1,Senior,2024-07-19,123321.39,Yes
317,Male,57,3,Senior,2023-02-02,131562.53,No
318,Male,37,1,Junior,2023-10-24,46947.17,No
319,Female,29,3,Junior,2023-03-24,66453.26,No
320,Male,37,2,Lead,2023-02-16,168595.73,No
321,Female,33,2,Junior,2024-02-04,48114.49,No
322,Female,47,6,Junior,2024-03-26,64189.75,No
323,Female,44,1,Senior,2023-08-10,105691.66,No
324,Female,27,6,Lead,2023-02-14,153129.16,No
325,Male,43,6,Mid,2023-05-16,78979.86,No
326,Male,26,4,Mid,2023-10-13,78434.48,Yes
327,Female,47,5,Junior,2024-07-12,48690.7,No
328,Male,36,1,Junior,2023-10-01,66256.56,No
329,Female,43,5,Mid,2023-12-01,97836.92,Yes
330,Male,51,3,Mid,2024-06-27,76799.48,No
331,Male,52,1,Junior,2023-06-18,46591.83,No
332,Female,49,3,Mid,2024-08-26,91872.15,No
333,Female,39,3,Mid,2024-12-01,82462.6,No
334,Male,59,5,Junior,2023-04-17,61011.86,No
335,Female,56,5,Junior,2024-07-22,58390.22,No
336,Female,33,6,Junior,2023-11-23,41232.24,No
337,Male,44,2,Junior,2023-04-14,66668.27,No
338,Female,23,5,Mid,2024-01-16,88129.03,No
339,Female,31,2,Senior,2024-12-28,103508.51,No
340,Female,42,6,Mid,2023-10-06,68599.46,No
341,Male,37,5,Senior,2023-08-21,131287.19,No
342,Male,26,6,Senior,2024-08-03,138115.36,Yes
343,Female,41,3,Mid,2023-03-24,75321.38,No
344,Male,38,5,Mid,2024-10-03,97540.15,No
345,Female,54,6,Junior,2023-04-08,69505.91,No
346,Female,25,4,Junior,2023-08-13,67140.21,No
347,Female,48,4,Mid,2023-07-07,92971.54,Yes
348,Male,53,6,Junior,2023-05-02,51189.67,No
349,Female,54,6,Lead,2024-11-17,131427.92,No
350,Male,32,4,Lead,2024-11-01,166556.42,No
351,Male,58,3,Lead,2023-04-29,157068.07,No
352,Female,45,2,Mid,2024-10-13,95062.45,No
353,Male,43,4,Junior,2023-05-16,49149.48,No
354,Male,48,4,Senior,2024-06-08,126052.26,No
355,Male,43,5,Senior,2024-11-17,101086.92,No
356,Female,50,5,Senior,2024-06-27,137841.67,No
357,Female,35,5,Junior,2024-06-22,55982.71,No
358,Female,23,1,Mid,2024-11-28,98806.35,No
359,Female,22,3,Junior,2024-09-12,58000.05,Yes
360,Female,51,4,Senior,2023-02-08,113648.12,Yes
361,Male,36,2,Junior,2023-08-25,42682.74,No
362,Female,44,2,Mid,2024-05-26,87489.44,No
363,Male,23,3,Junior,2024-07-22,40351.59,No
364,Female,32,5,Lead,2023-02-22,178621.1,Yes
365,Male,51,2,Mid,2023-10-12,92357.32,No
366,Female,23,2,Junior,2023-07-11,59935.83,Yes
367,Male,48,6,Senior,2023-08-12,132465.48,No
368,Female,27,4,Lead,2024-03-23,131045.71,No
369,Female,60,6,Junior,2023-10-05,69688.39,No
370,Female,27,1,Mid,2024-09-21,98865.53,No
371,Female,48,4,Mid,2024-04-15,78646.04,No
372,Female,60,6,Senior,2024-04-07,132168.27,Yes
373,Male,46,4,Mid,2023-09-20,67541.9,No
374,Male,25,6,Junior,2023-02-11,55843.06,No
375,Male,23,5,Mid,2024-04-08,83772.18,No
376,Male,58,4,Junior,2023-07-22,62455.05,Yes
377,Female,49,5,Junior,2024-10-31,40640.36,No
378,Male,34,6,Mid,2023-04-22,93971.58,Yes
379,Female,47,2,Mid,2023-02-17,74927.63,No
380,Female,38,1,Junior,2023-06-07,59784.7,No
381,Male,23,4,Junior,2023-11-21,46326.79,No
382,Male,46,1,Mid,2023-01-18,84362.8,No
383,Female,37,2,Senior,2024-01-29,107424.05,No
384,Male,43,2,Lead,2024-03-21,139032.58,No
385,Female,38,1,Senior,2024-05-30,98932.59,No
386,Female,37,6,Junior,2024-01-08,45116.0,Yes
387,Female,46,3,Mid,2023-07-26,97863.01,No
388,Male,47,5,Mid,2024-10-08,68888.32,No
389,Male,23,1,Mid,2023-12-20,86702.84,No
390,Female,42,4,Senior,2024-01-26,111061.29,No
391,Female,24,1,Junior,2024-07-07,57652.42,No
392,Female,54,3,Junior,2023-12-24,55146.16,No
393,Male,45,2,Mid,2023-01-23,72228.45,No
394,Male,43,1,Senior,2023-05-31,121234.01,No
395,Female,25,5,Mid,2023-01-12,82438.11,No
396,Male,35,4,Mid,2023-08-15,70389.67,No
397,Male,34,4,Senior,2023-07-12,110538.2,No
398,Female,60,6,Mid,2024-06-11,69327.72,No
399,Female,56,4,Lead,2023-10-28,145928.33,No
400,Male,50,3,Senior,2024-11-14,112910.96,No
401,Male,39,1,Mid,2023-08-22,81115.7,No
402,Female,40,2,Lead,2023-11-23,175038.73,No
403,Female,22,3,Senior,2023-12-21,124079.59,No
404,Male,47,4,Mid,2023-10-11,72154.21,No
405,Female,43,3,Mid,2023-08-23,90762.44,No
406,Female,51,1,Junior,2024-01-30,63071.84,No
407,Female,39,6,Mid,2024-12-05,82868.57,No
408,Female,26,4,Lead,2024-03-13,164112.39,Yes
409,Female,52,1,Junior,2024-09-05,58332.29,No
410,Male,30,1,Mid,2024-12-04,91388.19,No
411,Female,52,2,Junior,2023-03-24,48704.87,No
412,Male,42,2,Mid,2023-10-24,68643.47,No
413,Male,39,2,Junior,2024-06-27,66027.57,No
414,Female,23,5,Mid,2024-11-11,76565.68,No
415,Female,31,6,Mid,2023-05-06,99729.9,No
416,Female,37,2,Junior,2023-06-06,41060.89,Yes
417,Female,60,2,Mid,2023-02-04,85602.38,No
418,Female,37,5,Mid,2023-07-30,68127.88,No
419,Male,22,4,Junior,2023-02-01,64265.46,Yes
420,Male,47,1,Junior,2023-07-07,40456.53,No
421,Male,51,3,Senior,2024-01-28,136220.6,No
422,Female,23,6,Junior,2023-04-09,41035.05,No
423,Male,23,6,Lead,2024-11-17,172267.36,No
424,Female,55,4,Junior,2023-12-06,43967.44,No
425,Male,25,4,Mid,2024-10-09,99613.97,Yes
426,Female,54,5,Junior,2023-10-31,65093.53,No
427,Male,40,3,Mid,2024-09-02,69812.92,No
428,Male,32,5,Junior,2024-08-18,67133.29,No
429,Female,42,3,Senior,2024-01-03,103964.41,No
430,Female,28,2,Junior,2023-12-06,60136.3,No
431,Female,51,4,Senior,2024-01-03,115191.48,No
432,Female,39,6,Lead,2024-03-26,176293.83,No
433,Female,31,2,Junior,2023-07-21,69443.71,No
434,Male,30,2,Lead,2024-10-22,152107.65,No
435,Female,60,3,Mid,2024-08-22,91627.96,No
436,Female,49,4,Junior,2024-11-21,62576.96,No
437,Male,29,5,Mid,2024-01-17,71242.78,No
438,Male,60,4,Junior,2023-02-18,48441.16,No
439,Male,60,3,Junior,2024-03-27,61347.41,Yes
440,Male,30,1,Mid,2024-04-11,76170.65,No
441,Female,58,5,Junior,2024-08-26,51622.44,Yes
442,Male,32,3,Mid,2023-01-31,74942.03,No
443,Male,47,4,Mid,2023-03-07,86158.79,No
444,Male,52,3,Senior,2023-12-29,95701.89,Yes
445,Female,51,6,Mid,2023-09-02,73792.61,No
446,Male,34,5,Junior,2023-01-21,55011.13,No
447,Female,40,5,Junior,2024-10-20,40073.94,No
448,Male,24,1,Lead,2024-01-28,137039.84,No
449,Female,33,5,Senior,2024-10-28,134082.02,Yes
450,Male,45,4,Senior,2023-05-07,100765.77,Yes
451,Female,24,1,Lead,2024-05-04,134559.96,No
452,Male,42,3,Junior,2023-12-18,41675.93,Yes
453,Male,27,5,Junior,2024-01-10,48578.81,No
454,Female,53,3,Junior,2024-10-18,62973.71,Yes
455,Female,46,4,Mid,2023-09-11,84570.68,No
456,Male,31,2,Mid,2024-07-10,90484.8,No
457,Male,28,6,Mid,2024-05-19,66706.71,No
458,Female,31,1,Mid,2023-08-12,76835.82,Yes
459,Female,57,3,Mid,2024-07-25,89629.86,No
460,Female,29,5,Mid,2023-10-25,72707.11,No
461,Female,37,5,Lead,2024-12-25,155954.97,No
462,Female,43,2,Senior,2023-04-18,97823.93,No
463,Female,50,1,Junior,2023-01-11,46414.83,No
464,Male,57,4,Senior,2024-07-18,131202.66,No
465,Male,37,3,Senior,2024-07-20,113460.48,Yes
466,Female,25,6,Junior,2023-09-28,66347.11,No
467,Male,49,6,Mid,2024-08-20,65254.82,No
468,Male,36,6,Junior,2023-08-13,53503.04,No
469,Female,55,3,Mid,2023-03-26,65869.76,Yes
470,Female,27,4,Senior,2023-12-19,122835.39,Yes
471,Female,44,5,Mid,2024-04-28,89248.0,No
472,Male,56,6,Mid,2023-10-01,97909.16,Yes
473,Female,24,6,Mid,2023-04-16,87579.03,No
474,Female,50,2,Mid,2023-08-04,65435.86,No
475,Male,29,3,Junior,2024-05-01,58035.27,No
476,Female,39,1,Lead,2023-02-22,155773.3,No
477,Male,32,3,Junior,2024-01-25,50822.99,No
478,Male,42,4,Mid,2024-07-07,73158.54,No
479,Female,37,4,Junior,2023-05-28,46169.38,No
480,Male,57,5,Mid,2024-11-20,72755.17,Yes
481,Male,57,3,Senior,2023-04-04,133836.65,No
482,Male,34,2,Senior,2024-11-16,101908.45,No
483,Male,40,1,Senior,2024-05-29,113632.94,Yes
484,Female,43,4,Junior,2023-05-22,51780.9,Yes
485,Male,29,2,Mid,2023-09-01,66766.8,No
486,Male,58,1,Mid,2024-07-28,72882.71,No
487,Male,42,5,Lead,2023-09-28,168475.92,No
488,Female,48,3,Senior,2024-10-22,132336.78,No
489,Female,42,3,Junior,2024-06-10,61565.7,No
490,Male,57,1,Mid,2024-08-31,74208.12,No
491,Male,26,2,Mid,2024-02-28,95385.3,No
492,Female,37,4,Junior,2023-11-20,40777.92,No
493,Male,40,3,Junior,2024-04-24,42184.73,No
494,Female,30,2,Lead,2023-07-21,176805.97,No
495,Male,25,2,Senior,2024-08-04,124344.39,No
496,Female,58,1,Junior,2023-02-12,53222.62,Yes
497,Female,26,6,Mid,2024-01-24,98665.59,No
498,Female,34,6,Mid,2024-06-03,82079.47,No
499,Female,37,6,Junior,2023-11-11,64726.86,No
500,Male,44,4,Junior,2023-11-19,49371.58,No
501,Female,42,1,Mid,2024-08-03,74940.34,No
502,Female,46,3,Junior,2023-06-16,54446.78,No
503,Male,51,4,Mid,2023-04-28,99316.74,No
504,Female,55,3,Junior,2024-11-01,65713.21,No
505,Female,60,2,Mid,2024-12-12,93535.09,Yes
506,Female,37,4,Junior,2024-04-01,52272.47,No
507,Female,42,5,Senior,2023-04-10,127719.98,No
508,Female,59,2,Mid,2024-09-03,83235.32,No
509,Male,25,5,Junior,2023-01-15,42401.47,No
510,Male,22,1,Junior,2023-12-02,40752.36,No
511,Female,36,4,Junior,2024-02-11,43312.09,No
512,Male,56,2,Senior,2024-09-26,97822.2,No
513,Male,29,2,Mid,2023-09-11,93739.35,Yes
514,Female,48,3,Lead,2023-06-09,146283.63,No
515,Male,57,3,Junior,2024-10-22,68877.36,No
516,Female,48,5,Mid,2023-06-11,65763.24,No
517,Female,53,6,Mid,2023-12-23,74430.27,No
518,Female,57,5,Mid,2023-07-06,80926.13,No
519,Male,34,5,Junior,2023-04-02,40649.42,No
520,Male,23,4,Senior,2024-02-27,112064.24,Yes
521,Male,51,4,Mid,2023-04-21,87668.07,No
522,Male,47,4,Senior,2024-02-23,110411.84,Yes
523,Female,56,3,Mid,2023-06-06,92503.96,No
524,Female,56,3,Lead,2024-03-24,156650.12,No
525,Female,41,3,Junior,2023-11-06,56378.86,No
526,Male,57,5,Junior,2023-10-15,56456.69,No
527,Male,22,1,Senior,2023-02-06,138028.0,No
528,Female,56,6,Mid,2023-05-23,76266.45,No
529,Female,60,6,Junior,2024-05-01,55014.41,Yes
530,Female,54,3,Junior,2024-11-06,69475.43,No
531,Male,55,5,Lead,2024-10-05,141923.08,No
532,Female,30,1,Junior,2024-06-02,46023.81,No
533,Male,44,3,Lead,2023-03-03,139631.5,No
534,Male,24,4,Mid,2023-06-09,89874.2,No
535,Male,24,1,Mid,2024-12-05,65103.27,No
536,Female,39,5,Mid,2024-10-15,79180.24,Yes
537,Female,57,5,Lead,2024-01-26,148502.68,Yes
538,Male,44,5,Mid,2024-08-10,95479.76,No
539,Female,41,1,Junior,2023-02-16,50439.36,No
540,Male,60,6,Mid,2024-06-30,81527.81,No
541,Male,27,6,Junior,2024-10-04,47770.64,No
542,Male,28,3,Mid,2023-10-10,98128.98,No
543,Male,38,1,Junior,2024-01-18,42482.4,No
544,Male,46,4,Senior,2023-12-24,112325.6,No
545,Male,38,1,Junior,2023-04-26,49100.29,Yes
546,Male,44,4,Junior,2023-06-01,63229.01,No
547,Female,58,4,Mid,2024-06-08,93698.0,No
548,Male,39,6,Mid,2023-05-21,79060.85,No
549,Male,29,1,Junior,2024-10-10,69430.36,No
550,Female,41,2,Mid,2023-07-03,67171.71,No
551,Female,26,2,Mid,2023-02-26,78136.63,No
552,Male,47,2,Senior,2023-01-20,117839.4,No
553,Male,28,5,Junior,2023-09-09,44753.4,Yes
554,Female,38,6,Mid,2023-11-24,72656.27,No
555,Female,31,2,Mid,2024-11-26,95694.6,No
556,Male,36,5,Senior,2023-05-01,123775.21,No
557,Female,53,6,Mid,2023-02-09,88199.47,Yes
558,Female,37,2,Senior,2024-02-28,135345.88,Yes
559,Male,27,6,Mid,2024-02-02,65232.1,No
560,Male,47,6,Lead,2023-11-04,131352.87,No
561,Male,50,6,Junior,2023-05-11,44509.3,No
562,Male,60,3,Senior,2024-12-18,107791.92,No
563,Male,26,5,Senior,2024-04-12,108811.49,No
564,Male,57,2,Mid,2024-11-11,69040.03,No
565,Female,24,6,Mid,2024-04-16,69757.86,No
566,Female,57,4,Senior,2024-08-27,95115.41,No
567,Male,34,3,Mid,2024-01-23,96856.11,No
568,Male,47,4,Mid,2024-08-17,94199.95,No
569,Male,46,3,Senior,2024-03-21,138794.01,No
570,Male,35,5,Senior,2024-09-11,121823.58,No
571,Female,43,1,Mid,2023-08-07,93087.64,No
572,Female,28,6,Senior,2023-09-11,106612.61,No
573,Female,51,1,Mid,2024-06-24,92489.4,Yes
574,Male,58,6,Junior,2024-11-12,59814.82,No
575,Female,51,3,Junior,2023-01-31,55226.84,No
576,Female,23,3,Senior,2024-04-14,96170.37,No
577,Female,52,4,Junior,2024-03-09,62867.79,No
578,Female,52,6,Junior,2023-10-17,54563.41,No
579,Male,34,6,Mid,2024-06-21,77459.57,No
580,Male,39,2,Mid,2024-03-15,78517.53,No
581,Female,36,1,Junior,2023-05-28,54017.39,No
582,Male,33,6,Senior,2023-12-11,95242.4,No
583,Female,37,1,Junior,2024-12-29,42979.15,Yes
584,Male,38,5,Junior,2024-04-16,49397.0,No
585,Female,46,1,Mid,2024-05-22,72956.24,Yes
586,Male,38,4,Lead,2023-04-02,146756.82,No
587,Female,40,3,Mid,2023-06-02,91130.29,No
588,Male,34,4,Junior,2024-07-20,66675.65,Yes
589,Male,60,4,Senior,2023-01-27,105608.27,Yes
590,Female,39,3,Mid,2024-11-01,68679.54,No
591,Male,53,3,Mid,2023-02-10,66192.06,No
592,Female,37,4,Senior,2023-05-02,125961.0,No
593,Male,24,3,Lead,2024-03-28,133152.89,Yes
594,Male,49,1,Junior,2023-09-08,55369.21,No
595,Female,41,3,Junior,2024-12-31,41928.62,No
596,Male,48,5,Junior,2023-09-09,65398.12,Yes
597,Male,44,1,Senior,2024-10-05,133104.48,No
598,Female,35,6,Junior,2023-09-24,41884.61,No
599,Female,60,6,Junior,2023-07-12,50705.89,No
600,Male,36,1,Mid,2024-09-18,87910.14,No
