ApplicationID,DepartmentID,Stage,StageOrder,ApplicationDate
1,6,Applied,0,2023-12-05
1,6,Screened,1,2023-12-05
1,6,Interviewed,2,2023-12-05
1,6,Offered,3,2023-12-05
1,6,Hired,4,2023-12-05
2,3,Applied,0,2024-12-15
2,3,Screened,1,2024-12-15
2,3,Interviewed,2,2024-12-15
2,3,Offered,3,2024-12-15
3,1,Applied,0,2023-03-16
4,1,Applied,0,2024-01-08
5,2,Applied,0,2024-03-01
5,2,Screened,1,2024-03-01
5,2,Interviewed,2,2024-03-01
6,1,Applied,0,2023-05-31
6,1,Screened,1,2023-05-31
6,1,Interviewed,2,2023-05-31
7,3,Applied,0,2023-06-22
7,3,Screened,1,2023-06-22
8,4,Applied,0,2024-05-12
8,4,Screened,1,2024-05-12
8,4,Interviewed,2,2024-05-12
8,4,Offered,3,2024-05-12
9,2,Applied,0,2023-05-20
9,2,Screened,1,2023-05-20
10,3,Applied,0,2024-02-20
11,2,Applied,0,2023-10-27
11,2,Screened,1,2023-10-27
11,2,Interviewed,2,2023-10-27
12,1,Applied,0,2024-08-12
13,4,Applied,0,2024-02-10
14,1,Applied,0,2023-05-22
14,1,Screened,1,2023-05-22
15,1,Applied,0,2024-08-26
16,2,Applied,0,2023-06-03
16,2,Screened,1,2023-06-03
17,2,Applied,0,2023-02-04
17,2,Screened,1,2023-02-04
18,2,Applied,0,2023-05-21
19,5,Applied,0,2023-07-29
19,5,Screened,1,2023-07-29
19,5,Interviewed,2,2023-07-29
19,5,Offered,3,2023-07-29
19,5,Hired,4,2023-07-29
20,6,Applied,0,2024-08-04
20,6,Screened,1,2024-08-04
21,2,Applied,0,2023-06-04
22,5,Applied,0,2024-01-16
22,5,Screened,1,2024-01-16
23,4,Applied,0,2023-07-11
24,3,Applied,0,2023-01-20
24,3,Screened,1,2023-01-20
25,2,Applied,0,2023-02-06
26,3,Applied,0,2023-05-14
26,3,Screened,1,2023-05-14
26,3,Interviewed,2,2023-05-14
26,3,Offered,3,2023-05-14
27,5,Applied,0,2023-03-24
28,6,Applied,0,2024-04-06
28,6,Screened,1,2024-04-06
28,6,Interviewed,2,2024-04-06
28,6,Offered,3,2024-04-06
29,1,Applied,0,2024-05-11
29,1,Screened,1,2024-05-11
29,1,Interviewed,2,2024-05-11
29,1,Offered,3,2024-05-11
30,5,Applied,0,2024-01-06
31,1,Applied,0,2024-09-11
31,1,Screened,1,2024-09-11
31,1,Interviewed,2,2024-09-11
31,1,Offered,3,2024-09-11
31,1,Hired,4,2024-09-11
32,3,Applied,0,2023-11-13
32,3,Screened,1,2023-11-13
33,4,Applied,0,2023-07-09
34,4,Applied,0,2024-02-20
34,4,Screened,1,2024-02-20
35,2,Applied,0,2024-02-25
35,2,Screened,1,2024-02-25
36,1,Applied,0,2023-01-15
36,1,Screened,1,2023-01-15
36,1,Interviewed,2,2023-01-15
36,1,Offered,3,2023-01-15
36,1,Hired,4,2023-01-15
37,2,Applied,0,2024-05-16
37,2,Screened,1,2024-05-16
37,2,Interviewed,2,2024-05-16
37,2,Offered,3,2024-05-16
38,1,Applied,0,2023-08-08
39,6,Applied,0,2023-10-05
40,1,Applied,0,2024-07-29
40,1,Screened,1,2024-07-29
40,1,Interviewed,2,2024-07-29
41,4,Applied,0,2023-01-26
41,4,Screened,1,2023-01-26
41,4,Interviewed,2,2023-01-26
41,4,Offered,3,2023-01-26
41,4,Hired,4,2023-01-26
42,1,Applied,0,2024-11-12
43,5,Applied,0,2024-03-31
43,5,Screened,1,2024-03-31
44,4,Applied,0,2024-03-12
44,4,Screened,1,2024-03-12
44,4,Interviewed,2,2024-03-12
45,4,Applied,0,2023-12-31
45,4,Screened,1,2023-12-31
45,4,Interviewed,2,2023-12-31
46,6,Applied,0,2024-08-27
46,6,Screened,1,2024-08-27
46,6,Interviewed,2,2024-08-27
47,6,Applied,0,2023-03-07
47,6,Screened,1,2023-03-07
47,6,Interviewed,2,2023-03-07
48,5,Applied,0,2023-04-25
48,5,Screened,1,2023-04-25
49,6,Applied,0,2024-08-16
49,6,Screened,1,2024-08-16
49,6,Interviewed,2,2024-08-16
50,1,Applied,0,2024-07-09
50,1,Screened,1,2024-07-09
51,3,Applied,0,2023-09-11
51,3,Screened,1,2023-09-11
51,3,Interviewed,2,2023-09-11
52,4,Applied,0,2023-12-04
52,4,Screened,1,2023-12-04
53,1,Applied,0,2024-02-09
53,1,Screened,1,2024-02-09
54,4,Applied,0,2023-10-11
55,6,Applied,0,2023-08-23
56,6,Applied,0,2024-01-11
56,6,Screened,1,2024-01-11
57,6,Applied,0,2024-03-14
57,6,Screened,1,2024-03-14
57,6,Interviewed,2,2024-03-14
57,6,Offered,3,2024-03-14
57,6,Hired,4,2024-03-14
58,5,Applied,0,2024-12-27
59,5,Applied,0,2023-06-21
60,1,Applied,0,2023-03-02
61,1,Applied,0,2023-04-04
62,4,Applied,0,2024-02-26
62,4,Screened,1,2024-02-26
62,4,Interviewed,2,2024-02-26
62,4,Offered,3,2024-02-26
62,4,Hired,4,2024-02-26
63,6,Applied,0,2023-02-05
64,6,Applied,0,2023-12-06
65,3,Applied,0,2024-06-19
65,3,Screened,1,2024-06-19
66,6,Applied,0,2024-07-22
67,6,Applied,0,2024-06-22
68,5,Applied,0,2023-06-03
69,5,Applied,0,2023-12-11
69,5,Screened,1,2023-12-11
70,3,Applied,0,2023-07-17
70,3,Screened,1,2023-07-17
71,2,Applied,0,2023-03-31
71,2,Screened,1,2023-03-31
72,5,Applied,0,2023-01-09
73,1,Applied,0,2023-05-09
73,1,Screened,1,2023-05-09
74,2,Applied,0,2023-05-31
75,2,Applied,0,2024-08-19
75,2,Screened,1,2024-08-19
76,4,Applied,0,2024-04-01
77,3,Applied,0,2023-04-15
78,6,Applied,0,2024-05-01
78,6,Screened,1,2024-05-01
78,6,Interviewed,2,2024-05-01
78,6,Offered,3,2024-05-01
79,6,Applied,0,2023-10-17
79,6,Screened,1,2023-10-17
80,6,Applied,0,2023-12-22
81,5,Applied,0,2023-10-26
81,5,Screened,1,2023-10-26
81,5,Interviewed,2,2023-10-26
82,2,Applied,0,2023-03-02
82,2,Screened,1,2023-03-02
82,2,Interviewed,2,2023-03-02
82,2,Offered,3,2023-03-02
82,2,Hired,4,2023-03-02
83,4,Applied,0,2023-08-20
84,5,Applied,0,2023-09-29
85,2,Applied,0,2023-02-05
85,2,Screened,1,2023-02-05
85,2,Interviewed,2,2023-02-05
85,2,Offered,3,2023-02-05
86,3,Applied,0,2024-02-26
87,3,Applied,0,2023-03-06
87,3,Screened,1,2023-03-06
88,5,Applied,0,2024-04-04
89,3,Applied,0,2023-06-29
89,3,Screened,1,2023-06-29
89,3,Interviewed,2,2023-06-29
89,3,Offered,3,2023-06-29
90,6,Applied,0,2023-07-28
91,2,Applied,0,2024-08-23
91,2,Screened,1,2024-08-23
91,2,Interviewed,2,2024-08-23
91,2,Offered,3,2024-08-23
91,2,Hired,4,2024-08-23
92,4,Applied,0,2024-11-18
92,4,Screened,1,2024-11-18
92,4,Interviewed,2,2024-11-18
92,4,Offered,3,2024-11-18
93,6,Applied,0,2023-01-15
94,1,Applied,0,2023-06-07
94,1,Screened,1,2023-06-07
94,1,Interviewed,2,2023-06-07
95,4,Applied,0,2023-09-25
95,4,Screened,1,2023-09-25
95,4,Interviewed,2,2023-09-25
96,3,Applied,0,2023-01-07
96,3,Screened,1,2023-01-07
97,1,Applied,0,2023-02-11
97,1,Screened,1,2023-02-11
97,1,Interviewed,2,2023-02-11
97,1,Offered,3,2023-02-11
98,2,Applied,0,2024-10-21
98,2,Screened,1,2024-10-21
98,2,Interviewed,2,2024-10-21
99,6,Applied,0,2024-05-07
100,6,Applied,0,2024-01-03
101,4,Applied,0,2023-03-17
101,4,Screened,1,2023-03-17
101,4,Interviewed,2,2023-03-17
102,4,Applied,0,2024-12-07
103,3,Applied,0,2024-03-23
104,1,Applied,0,2023-12-11
104,1,Screened,1,2023-12-11
104,1,Interviewed,2,2023-12-11
104,1,Offered,3,2023-12-11
105,6,Applied,0,2024-01-13
105,6,Screened,1,2024-01-13
105,6,Interviewed,2,2024-01-13
106,3,Applied,0,2023-03-17
106,3,Screened,1,2023-03-17
106,3,Interviewed,2,2023-03-17
107,4,Applied,0,2024-05-01
107,4,Screened,1,2024-05-01
107,4,Interviewed,2,2024-05-01
108,1,Applied,0,2023-12-24
108,1,Screened,1,2023-12-24
108,1,Interviewed,2,2023-12-24
108,1,Offered,3,2023-12-24
108,1,Hired,4,2023-12-24
109,2,Applied,0,2023-01-20
110,5,Applied,0,2023-11-12
111,6,Applied,0,2023-10-30
111,6,Screened,1,2023-10-30
111,6,Interviewed,2,2023-10-30
112,5,Applied,0,2024-05-26
112,5,Screened,1,2024-05-26
112,5,Interviewed,2,2024-05-26
112,5,Offered,3,2024-05-26
112,5,Hired,4,2024-05-26
113,5,Applied,0,2023-09-06
113,5,Screened,1,2023-09-06
113,5,Interviewed,2,2023-09-06
113,5,Offered,3,2023-09-06
113,5,Hired,4,2023-09-06
114,5,Applied,0,2024-02-19
115,2,Applied,0,2023-11-27
115,2,Screened,1,2023-11-27
115,2,Interviewed,2,2023-11-27
115,2,Offered,3,2023-11-27
116,5,Applied,0,2023-04-18
116,5,Screened,1,2023-04-18
116,5,Interviewed,2,2023-04-18
116,5,Offered,3,2023-04-18
117,2,Applied,0,2024-08-15
117,2,Screened,1,2024-08-15
117,2,Interviewed,2,2024-08-15
117,2,Offered,3,2024-08-15
117,2,Hired,4,2024-08-15
118,6,Applied,0,2023-09-08
119,3,Applied,0,2024-05-13
119,3,Screened,1,2024-05-13
119,3,Interviewed,2,2024-05-13
120,6,Applied,0,2023-03-30
120,6,Screened,1,2023-03-30
120,6,Interviewed,2,2023-03-30
121,1,Applied,0,2024-04-07
122,2,Applied,0,2023-04-13
122,2,Screened,1,2023-04-13
123,3,Applied,0,2023-01-14
124,5,Applied,0,2023-02-22
124,5,Screened,1,2023-02-22
125,6,Applied,0,2023-11-10
125,6,Screened,1,2023-11-10
125,6,Interviewed,2,2023-11-10
125,6,Offered,3,2023-11-10
125,6,Hired,4,2023-11-10
126,1,Applied,0,2024-12-14
126,1,Screened,1,2024-12-14
127,1,Applied,0,2024-07-31
127,1,Screened,1,2024-07-31
127,1,Interviewed,2,2024-07-31
127,1,Offered,3,2024-07-31
128,3,Applied,0,2023-03-12
129,3,Applied,0,2024-09-15
130,4,Applied,0,2023-03-12
130,4,Screened,1,2023-03-12
130,4,Interviewed,2,2023-03-12
131,4,Applied,0,2024-05-30
131,4,Screened,1,2024-05-30
131,4,Interviewed,2,2024-05-30
131,4,Offered,3,2024-05-30
132,4,Applied,0,2023-11-21
133,5,Applied,0,2024-04-14
134,4,Applied,0,2023-06-10
134,4,Screened,1,2023-06-10
135,1,Applied,0,2024-07-17
135,1,Screened,1,2024-07-17
136,2,Applied,0,2023-10-20
137,2,Applied,0,2023-04-14
138,4,Applied,0,2023-10-15
138,4,Screened,1,2023-10-15
139,6,Applied,0,2023-03-25
140,2,Applied,0,2024-05-14
140,2,Screened,1,2024-05-14
140,2,Interviewed,2,2024-05-14
141,2,Applied,0,2024-12-10
141,2,Screened,1,2024-12-10
142,4,Applied,0,2023-05-31
142,4,Screened,1,2023-05-31
142,4,Interviewed,2,2023-05-31
142,4,Offered,3,2023-05-31
142,4,Hired,4,2023-05-31
143,3,Applied,0,2024-09-16
144,5,Applied,0,2024-01-23
145,1,Applied,0,2024-05-16
145,1,Screened,1,2024-05-16
145,1,Interviewed,2,2024-05-16
146,4,Applied,0,2024-09-07
146,4,Screened,1,2024-09-07
147,4,Applied,0,2024-05-04
147,4,Screened,1,2024-05-04
147,4,Interviewed,2,2024-05-04
148,1,Applied,0,2023-09-02
148,1,Screened,1,2023-09-02
148,1,Interviewed,2,2023-09-02
148,1,Offered,3,2023-09-02
149,2,Applied,0,2023-02-19
149,2,Screened,1,2023-02-19
149,2,Interviewed,2,2023-02-19
150,3,Applied,0,2023-06-07
150,3,Screened,1,2023-06-07
151,6,Applied,0,2024-01-14
151,6,Screened,1,2024-01-14
152,4,Applied,0,2024-01-10
152,4,Screened,1,2024-01-10
152,4,Interviewed,2,2024-01-10
153,4,Applied,0,2024-04-09
153,4,Screened,1,2024-04-09
154,3,Applied,0,2024-09-14
154,3,Screened,1,2024-09-14
154,3,Interviewed,2,2024-09-14
155,5,Applied,0,2023-07-12
155,5,Screened,1,2023-07-12
156,5,Applied,0,2024-10-17
157,5,Applied,0,2024-09-03
157,5,Screened,1,2024-09-03
157,5,Interviewed,2,2024-09-03
157,5,Offered,3,2024-09-03
157,5,Hired,4,2024-09-03
158,1,Applied,0,2023-07-30
158,1,Screened,1,2023-07-30
158,1,Interviewed,2,2023-07-30
158,1,Offered,3,2023-07-30
158,1,Hired,4,2023-07-30
159,1,Applied,0,2024-01-11
159,1,Screened,1,2024-01-11
159,1,Interviewed,2,2024-01-11
159,1,Offered,3,2024-01-11
159,1,Hired,4,2024-01-11
160,2,Applied,0,2023-12-01
160,2,Screened,1,2023-12-01
161,4,Applied,0,2023-08-05
161,4,Screened,1,2023-08-05
161,4,Interviewed,2,2023-08-05
161,4,Offered,3,2023-08-05
162,4,Applied,0,2023-07-12
162,4,Screened,1,2023-07-12
162,4,Interviewed,2,2023-07-12
162,4,Offered,3,2023-07-12
163,5,Applied,0,2024-02-05
164,3,Applied,0,2023-11-16
165,2,Applied,0,2023-11-30
166,4,Applied,0,2023-12-15
167,6,Applied,0,2023-02-01
167,6,Screened,1,2023-02-01
167,6,Interviewed,2,2023-02-01
168,2,Applied,0,2023-01-07
169,2,Applied,0,2023-05-05
170,5,Applied,0,2024-12-03
171,1,Applied,0,2024-11-27
171,1,Screened,1,2024-11-27
171,1,Interviewed,2,2024-11-27
172,1,Applied,0,2024-03-19
172,1,Screened,1,2024-03-19
172,1,Interviewed,2,2024-03-19
173,6,Applied,0,2024-12-17
174,4,Applied,0,2024-04-04
174,4,Screened,1,2024-04-04
174,4,Interviewed,2,2024-04-04
175,5,Applied,0,2024-01-31
175,5,Screened,1,2024-01-31
176,4,Applied,0,2023-02-17
177,2,Applied,0,2024-12-28
178,1,Applied,0,2024-04-03
178,1,Screened,1,2024-04-03
179,1,Applied,0,2023-11-27
180,4,Applied,0,2023-10-05
181,4,Applied,0,2023-08-20
181,4,Screened,1,2023-08-20
181,4,Interviewed,2,2023-08-20
181,4,Offered,3,2023-08-20
182,4,Applied,0,2023-09-29
182,4,Screened,1,2023-09-29
182,4,Interviewed,2,2023-09-29
183,1,Applied,0,2023-11-24
184,6,Applied,0,2024-10-29
184,6,Screened,1,2024-10-29
185,2,Applied,0,2024-08-24
186,6,Applied,0,2023-01-06
187,5,Applied,0,2024-08-02
188,3,Applied,0,2023-01-31
189,1,Applied,0,2023-02-25
190,1,Applied,0,2023-05-02
190,1,Screened,1,2023-05-02
190,1,Interviewed,2,2023-05-02
191,1,Applied,0,2023-12-09
192,1,Applied,0,2024-05-27
193,1,Applied,0,2024-01-31
193,1,Screened,1,2024-01-31
193,1,Interviewed,2,2024-01-31
194,4,Applied,0,2024-11-11
195,3,Applied,0,2023-02-19
195,3,Screened,1,2023-02-19
196,3,Applied,0,2023-10-15
196,3,Screened,1,2023-10-15
197,5,Applied,0,2023-02-01
198,6,Applied,0,2023-12-09
199,6,Applied,0,2024-09-18
199,6,Screened,1,2024-09-18
200,2,Applied,0,2024-02-27
200,2,Screened,1,2024-02-27
200,2,Interviewed,2,2024-02-27
200,2,Offered,3,2024-02-27
201,5,Applied,0,2023-09-18
201,5,Screened,1,2023-09-18
201,5,Interviewed,2,2023-09-18
201,5,Offered,3,2023-09-18
201,5,Hired,4,2023-09-18
202,1,Applied,0,2024-10-31
202,1,Screened,1,2024-10-31
202,1,Interviewed,2,2024-10-31
203,4,Applied,0,2024-08-13
204,1,Applied,0,2024-08-22
205,3,Applied,0,2023-02-11
205,3,Screened,1,2023-02-11
206,4,Applied,0,2023-03-15
206,4,Screened,1,2023-03-15
206,4,Interviewed,2,2023-03-15
207,4,Applied,0,2023-02-27
208,1,Applied,0,2024-09-29
208,1,Screened,1,2024-09-29
208,1,Interviewed,2,2024-09-29
209,5,Applied,0,2024-09-30
209,5,Screened,1,2024-09-30
209,5,Interviewed,2,2024-09-30
209,5,Offered,3,2024-09-30
210,2,Applied,0,2024-04-23
210,2,Screened,1,2024-04-23
211,6,Applied,0,2024-06-16
212,5,Applied,0,2023-04-28
212,5,Screened,1,2023-04-28
212,5,Interviewed,2,2023-04-28
212,5,Offered,3,2023-04-28
213,4,Applied,0,2023-12-07
214,3,Applied,0,2024-10-28
214,3,Screened,1,2024-10-28
214,3,Interviewed,2,2024-10-28
215,5,Applied,0,2024-01-10
215,5,Screened,1,2024-01-10
215,5,Interviewed,2,2024-01-10
215,5,Offered,3,2024-01-10
215,5,Hired,4,2024-01-10
216,6,Applied,0,2023-12-03
217,4,Applied,0,2023-12-15
218,3,Applied,0,2024-01-15
219,1,Applied,0,2024-12-22
219,1,Screened,1,2024-12-22
219,1,Interviewed,2,2024-12-22
219,1,Offered,3,2024-12-22
219,1,Hired,4,2024-12-22
220,2,Applied,0,2024-03-05
220,2,Screened,1,2024-03-05
220,2,Interviewed,2,2024-03-05
221,1,Applied,0,2024-04-02
221,1,Screened,1,2024-04-02
221,1,Interviewed,2,2024-04-02
222,3,Applied,0,2024-09-24
223,6,Applied,0,2024-03-03
223,6,Screened,1,2024-03-03
224,2,Applied,0,2024-12-15
224,2,Screened,1,2024-12-15
224,2,Interviewed,2,2024-12-15
225,4,Applied,0,2024-04-29
226,5,Applied,0,2023-07-27
227,3,Applied,0,2023-02-13
227,3,Screened,1,2023-02-13
227,3,Interviewed,2,2023-02-13
228,1,Applied,0,2024-02-28
228,1,Screened,1,2024-02-28
228,1,Interviewed,2,2024-02-28
229,4,Applied,0,2023-03-16
229,4,Screened,1,2023-03-16
229,4,Interviewed,2,2023-03-16
229,4,Offered,3,2023-03-16
229,4,Hired,4,2023-03-16
230,4,Applied,0,2023-02-23
230,4,Screened,1,2023-02-23
230,4,Interviewed,2,2023-02-23
230,4,Offered,3,2023-02-23
231,1,Applied,0,2023-12-12
231,1,Screened,1,2023-12-12
232,3,Applied,0,2024-10-28
232,3,Screened,1,2024-10-28
233,4,Applied,0,2023-12-16
233,4,Screened,1,2023-12-16
234,3,Applied,0,2023-04-18
234,3,Screened,1,2023-04-18
234,3,Interviewed,2,2023-04-18
234,3,Offered,3,2023-04-18
234,3,Hired,4,2023-04-18
235,1,Applied,0,2024-06-20
236,1,Applied,0,2024-08-17
236,1,Screened,1,2024-08-17
236,1,Interviewed,2,2024-08-17
236,1,Offered,3,2024-08-17
237,3,Applied,0,2023-01-27
238,1,Applied,0,2023-07-29
239,3,Applied,0,2023-11-16
239,3,Screened,1,2023-11-16
240,5,Applied,0,2023-05-27
241,3,Applied,0,2023-01-03
241,3,Screened,1,2023-01-03
241,3,Interviewed,2,2023-01-03
242,6,Applied,0,2024-11-28
242,6,Screened,1,2024-11-28
242,6,Interviewed,2,2024-11-28
242,6,Offered,3,2024-11-28
243,2,Applied,0,2024-10-14
243,2,Screened,1,2024-10-14
243,2,Interviewed,2,2024-10-14
243,2,Offered,3,2024-10-14
243,2,Hired,4,2024-10-14
244,4,Applied,0,2023-05-31
244,4,Screened,1,2023-05-31
245,2,Applied,0,2024-12-18
246,6,Applied,0,2023-05-14
247,2,Applied,0,2024-08-22
247,2,Screened,1,2024-08-22
247,2,Interviewed,2,2024-08-22
248,1,Applied,0,2023-09-19
248,1,Screened,1,2023-09-19
248,1,Interviewed,2,2023-09-19
249,6,Applied,0,2024-12-28
250,4,Applied,0,2023-04-24
250,4,Screened,1,2023-04-24
250,4,Interviewed,2,2023-04-24
251,2,Applied,0,2024-02-06
251,2,Screened,1,2024-02-06
251,2,Interviewed,2,2024-02-06
252,2,Applied,0,2023-01-09
253,6,Applied,0,2024-07-12
253,6,Screened,1,2024-07-12
253,6,Interviewed,2,2024-07-12
254,6,Applied,0,2024-05-20
255,5,Applied,0,2024-10-18
255,5,Screened,1,2024-10-18
255,5,Interviewed,2,2024-10-18
256,4,Applied,0,2023-08-31
256,4,Screened,1,2023-08-31
257,2,Applied,0,2024-05-31
258,1,Applied,0,2023-03-13
258,1,Screened,1,2023-03-13
258,1,Interviewed,2,2023-03-13
258,1,Offered,3,2023-03-13
259,1,Applied,0,2024-10-01
260,2,Applied,0,2024-12-22
261,3,Applied,0,2024-01-03
261,3,Screened,1,2024-01-03
262,2,Applied,0,2024-04-22
262,2,Screened,1,2024-04-22
263,1,Applied,0,2023-05-03
264,2,Applied,0,2024-03-13
264,2,Screened,1,2024-03-13
265,4,Applied,0,2023-07-31
265,4,Screened,1,2023-07-31
266,2,Applied,0,2023-08-17
266,2,Screened,1,2023-08-17
266,2,Interviewed,2,2023-08-17
267,6,Applied,0,2024-12-31
267,6,Screened,1,2024-12-31
267,6,Interviewed,2,2024-12-31
267,6,Offered,3,2024-12-31
267,6,Hired,4,2024-12-31
268,6,Applied,0,2023-02-19
268,6,Screened,1,2023-02-19
269,5,Applied,0,2024-09-12
269,5,Screened,1,2024-09-12
270,5,Applied,0,2024-03-19
271,4,Applied,0,2023-01-18
271,4,Screened,1,2023-01-18
271,4,Interviewed,2,2023-01-18
271,4,Offered,3,2023-01-18
271,4,Hired,4,2023-01-18
272,1,Applied,0,2024-03-16
273,3,Applied,0,2024-07-22
273,3,Screened,1,2024-07-22
274,4,Applied,0,2023-04-07
274,4,Screened,1,2023-04-07
274,4,Interviewed,2,2023-04-07
275,6,Applied,0,2024-12-31
275,6,Screened,1,2024-12-31
276,3,Applied,0,2024-08-07
276,3,Screened,1,2024-08-07
276,3,Interviewed,2,2024-08-07
277,5,Applied,0,2023-04-06
278,6,Applied,0,2024-12-11
278,6,Screened,1,2024-12-11
278,6,Interviewed,2,2024-12-11
278,6,Offered,3,2024-12-11
279,3,Applied,0,2023-10-06
280,3,Applied,0,2024-02-19
281,1,Applied,0,2023-06-10
281,1,Screened,1,2023-06-10
281,1,Interviewed,2,2023-06-10
281,1,Offered,3,2023-06-10
281,1,Hired,4,2023-06-10
282,1,Applied,0,2024-01-20
282,1,Screened,1,2024-01-20
283,4,Applied,0,2024-09-14
283,4,Screened,1,2024-09-14
284,5,Applied,0,2024-01-26
284,5,Screened,1,2024-01-26
285,1,Applied,0,2024-03-25
285,1,Screened,1,2024-03-25
286,2,Applied,0,2023-02-16
286,2,Screened,1,2023-02-16
286,2,Interviewed,2,2023-02-16
287,6,Applied,0,2024-01-10
287,6,Screened,1,2024-01-10
288,4,Applied,0,2023-01-04
289,3,Applied,0,2023-12-30
289,3,Screened,1,2023-12-30
290,2,Applied,0,2024-07-03
291,2,Applied,0,2023-03-27
292,5,Applied,0,2024-12-16
292,5,Screened,1,2024-12-16
292,5,Interviewed,2,2024-12-16
293,2,Applied,0,2023-11-22
294,5,Applied,0,2024-03-31
294,5,Screened,1,2024-03-31
294,5,Interviewed,2,2024-03-31
294,5,Offered,3,2024-03-31
294,5,Hired,4,2024-03-31
295,4,Applied,0,2023-01-15
296,5,Applied,0,2023-12-17
296,5,Screened,1,2023-12-17
297,3,Applied,0,2024-09-01
297,3,Screened,1,2024-09-01
297,3,Interviewed,2,2024-09-01
297,3,Offered,3,2024-09-01
297,3,Hired,4,2024-09-01
298,2,Applied,0,2024-06-13
298,2,Screened,1,2024-06-13
299,1,Applied,0,2023-03-10
300,3,Applied,0,2023-04-16
300,3,Screened,1,2023-04-16
300,3,Interviewed,2,2023-04-16
301,5,Applied,0,2024-08-26
301,5,Screened,1,2024-08-26
302,3,Applied,0,2023-10-17
302,3,Screened,1,2023-10-17
302,3,Interviewed,2,2023-10-17
302,3,Offered,3,2023-10-17
303,1,Applied,0,2024-12-01
304,6,Applied,0,2024-03-08
304,6,Screened,1,2024-03-08
305,4,Applied,0,2023-06-07
305,4,Screened,1,2023-06-07
305,4,Interviewed,2,2023-06-07
305,4,Offered,3,2023-06-07
306,2,Applied,0,2023-08-28
306,2,Screened,1,2023-08-28
306,2,Interviewed,2,2023-08-28
306,2,Offered,3,2023-08-28
307,4,Applied,0,2024-08-18
307,4,Screened,1,2024-08-18
308,6,Applied,0,2024-01-30
308,6,Screened,1,2024-01-30
309,4,Applied,0,2023-11-13
309,4,Screened,1,2023-11-13
309,4,Interviewed,2,2023-11-13
309,4,Offered,3,2023-11-13
310,3,Applied,0,2024-01-05
310,3,Screened,1,2024-01-05
311,2,Applied,0,2023-02-28
312,1,Applied,0,2023-11-29
312,1,Screened,1,2023-11-29
313,3,Applied,0,2023-09-04
313,3,Screened,1,2023-09-04
313,3,Interviewed,2,2023-09-04
314,2,Applied,0,2024-02-03
314,2,Screened,1,2024-02-03
314,2,Interviewed,2,2024-02-03
315,6,Applied,0,2023-08-01
316,2,Applied,0,2023-05-28
316,2,Screened,1,2023-05-28
316,2,Interviewed,2,2023-05-28
316,2,Offered,3,2023-05-28
317,1,Applied,0,2024-02-16
317,1,Screened,1,2024-02-16
317,1,Interviewed,2,2024-02-16
318,1,Applied,0,2023-04-26
318,1,Screened,1,2023-04-26
319,2,Applied,0,2024-03-06
320,1,Applied,0,2023-04-09
321,2,Applied,0,2024-12-20
321,2,Screened,1,2024-12-20
322,5,Applied,0,2023-05-28
322,5,Screened,1,2023-05-28
322,5,Interviewed,2,2023-05-28
322,5,Offered,3,2023-05-28
322,5,Hired,4,2023-05-28
323,4,Applied,0,2024-09-09
324,5,Applied,0,2024-06-25
324,5,Screened,1,2024-06-25
324,5,Interviewed,2,2024-06-25
325,1,Applied,0,2024-04-28
326,5,Applied,0,2024-11-07
326,5,Screened,1,2024-11-07
326,5,Interviewed,2,2024-11-07
327,4,Applied,0,2023-04-05
327,4,Screened,1,2023-04-05
327,4,Interviewed,2,2023-04-05
328,5,Applied,0,2023-11-06
329,5,Applied,0,2024-06-22
330,2,Applied,0,2024-06-29
330,2,Screened,1,2024-06-29
331,4,Applied,0,2024-10-11
331,4,Screened,1,2024-10-11
332,6,Applied,0,2024-10-29
332,6,Screened,1,2024-10-29
333,6,Applied,0,2023-06-03
333,6,Screened,1,2023-06-03
333,6,Interviewed,2,2023-06-03
333,6,Offered,3,2023-06-03
334,5,Applied,0,2024-08-16
334,5,Screened,1,2024-08-16
335,3,Applied,0,2023-09-26
335,3,Screened,1,2023-09-26
336,2,Applied,0,2024-04-20
336,2,Screened,1,2024-04-20
336,2,Interviewed,2,2024-04-20
337,2,Applied,0,2023-10-05
337,2,Screened,1,2023-10-05
338,1,Applied,0,2023-04-21
339,3,Applied,0,2023-09-14
339,3,Screened,1,2023-09-14
340,3,Applied,0,2023-04-23
340,3,Screened,1,2023-04-23
341,2,Applied,0,2024-04-23
342,4,Applied,0,2023-03-12
343,3,Applied,0,2023-11-21
344,6,Applied,0,2023-06-29
344,6,Screened,1,2023-06-29
344,6,Interviewed,2,2023-06-29
344,6,Offered,3,2023-06-29
345,2,Applied,0,2024-04-03
345,2,Screened,1,2024-04-03
345,2,Interviewed,2,2024-04-03
346,2,Applied,0,2024-02-17
346,2,Screened,1,2024-02-17
347,6,Applied,0,2023-01-31
348,2,Applied,0,2024-03-26
348,2,Screened,1,2024-03-26
348,2,Interviewed,2,2024-03-26
348,2,Offered,3,2024-03-26
348,2,Hired,4,2024-03-26
349,6,Applied,0,2023-08-16
349,6,Screened,1,2023-08-16
349,6,Interviewed,2,2023-08-16
349,6,Offered,3,2023-08-16
349,6,Hired,4,2023-08-16
350,4,Applied,0,2023-03-07
350,4,Screened,1,2023-03-07
350,4,Interviewed,2,2023-03-07
351,1,Applied,0,2023-02-09
351,1,Screened,1,2023-02-09
351,1,Interviewed,2,2023-02-09
352,3,Applied,0,2023-06-18
352,3,Screened,1,2023-06-18
352,3,Interviewed,2,2023-06-18
352,3,Offered,3,2023-06-18
353,3,Applied,0,2024-03-05
353,3,Screened,1,2024-03-05
354,2,Applied,0,2023-11-30
355,2,Applied,0,2024-01-19
355,2,Screened,1,2024-01-19
355,2,Interviewed,2,2024-01-19
356,5,Applied,0,2024-06-30
356,5,Screened,1,2024-06-30
356,5,Interviewed,2,2024-06-30
356,5,Offered,3,2024-06-30
357,2,Applied,0,2023-08-02
357,2,Screened,1,2023-08-02
357,2,Interviewed,2,2023-08-02
357,2,Offered,3,2023-08-02
358,3,Applied,0,2024-02-12
358,3,Screened,1,2024-02-12
358,3,Interviewed,2,2024-02-12
359,5,Applied,0,2023-07-16
359,5,Screened,1,2023-07-16
359,5,Interviewed,2,2023-07-16
359,5,Offered,3,2023-07-16
359,5,Hired,4,2023-07-16
360,4,Applied,0,2023-12-03
361,4,Applied,0,2023-08-01
362,3,Applied,0,2023-04-20
362,3,Screened,1,2023-04-20
363,5,Applied,0,2024-12-15
363,5,Screened,1,2024-12-15
364,5,Applied,0,2024-09-04
364,5,Screened,1,2024-09-04
365,6,Applied,0,2023-02-21
366,2,Applied,0,2024-10-27
366,2,Screened,1,2024-10-27
367,5,Applied,0,2024-07-31
367,5,Screened,1,2024-07-31
368,4,Applied,0,2024-02-13
368,4,Screened,1,2024-02-13
369,2,Applied,0,2024-01-05
369,2,Screened,1,2024-01-05
369,2,Interviewed,2,2024-01-05
369,2,Offered,3,2024-01-05
369,2,Hired,4,2024-01-05
370,1,Applied,0,2023-08-12
370,1,Screened,1,2023-08-12
370,1,Interviewed,2,2023-08-12
371,1,Applied,0,2023-03-16
372,1,Applied,0,2024-04-05
372,1,Screened,1,2024-04-05
373,1,Applied,0,2023-02-15
374,2,Applied,0,2024-05-30
374,2,Screened,1,2024-05-30
374,2,Interviewed,2,2024-05-30
375,2,Applied,0,2024-07-25
375,2,Screened,1,2024-07-25
375,2,Interviewed,2,2024-07-25
376,4,Applied,0,2023-05-29
376,4,Screened,1,2023-05-29
376,4,Interviewed,2,2023-05-29
377,1,Applied,0,2024-03-20
378,2,Applied,0,2023-01-27
378,2,Screened,1,2023-01-27
378,2,Interviewed,2,2023-01-27
379,1,Applied,0,2024-08-26
380,6,Applied,0,2024-01-25
380,6,Screened,1,2024-01-25
380,6,Interviewed,2,2024-01-25
380,6,Offered,3,2024-01-25
381,4,Applied,0,2023-03-17
382,3,Applied,0,2024-02-13
382,3,Screened,1,2024-02-13
382,3,Interviewed,2,2024-02-13
382,3,Offered,3,2024-02-13
382,3,Hired,4,2024-02-13
383,3,Applied,0,2024-06-14
384,1,Applied,0,2024-12-29
384,1,Screened,1,2024-12-29
384,1,Interviewed,2,2024-12-29
385,5,Applied,0,2024-01-21
385,5,Screened,1,2024-01-21
385,5,Interviewed,2,2024-01-21
386,5,Applied,0,2024-10-04
387,1,Applied,0,2024-04-27
387,1,Screened,1,2024-04-27
387,1,Interviewed,2,2024-04-27
388,2,Applied,0,2024-08-03
389,5,Applied,0,2024-03-16
389,5,Screened,1,2024-03-16
390,2,Applied,0,2023-09-05
391,4,Applied,0,2024-09-01
392,3,Applied,0,2024-01-14
393,1,Applied,0,2024-07-16
394,1,Applied,0,2024-04-18
394,1,Screened,1,2024-04-18
394,1,Interviewed,2,2024-04-18
395,5,Applied,0,2024-09-19
396,5,Applied,0,2023-11-17
397,1,Applied,0,2024-01-08
398,5,Applied,0,2024-04-06
399,6,Applied,0,2024-07-23
399,6,Screened,1,2024-07-23
399,6,Interviewed,2,2024-07-23
399,6,Offered,3,2024-07-23
399,6,Hired,4,2024-07-23
400,5,Applied,0,2024-06-29
400,5,Screened,1,2024-06-29
401,1,Applied,0,2024-03-17
401,1,Screened,1,2024-03-17
402,6,Applied,0,2024-10-11
403,5,Applied,0,2023-09-27
403,5,Screened,1,2023-09-27
403,5,Interviewed,2,2023-09-27
403,5,Offered,3,2023-09-27
403,5,Hired,4,2023-09-27
404,1,Applied,0,2024-11-19
405,1,Applied,0,2024-11-29
406,2,Applied,0,2023-12-16
406,2,Screened,1,2023-12-16
406,2,Interviewed,2,2023-12-16
406,2,Offered,3,2023-12-16
407,1,Applied,0,2024-01-02
407,1,Screened,1,2024-01-02
408,6,Applied,0,2024-05-15
408,6,Screened,1,2024-05-15
409,2,Applied,0,2024-05-29
410,2,Applied,0,2024-06-18
410,2,Screened,1,2024-06-18
410,2,Interviewed,2,2024-06-18
411,4,Applied,0,2024-12-28
412,2,Applied,0,2024-02-22
413,3,Applied,0,2024-02-19
413,3,Screened,1,2024-02-19
413,3,Interviewed,2,2024-02-19
413,3,Offered,3,2024-02-19
413,3,Hired,4,2024-02-19
414,3,Applied,0,2024-04-13
414,3,Screened,1,2024-04-13
414,3,Interviewed,2,2024-04-13
415,1,Applied,0,2024-12-22
416,4,Applied,0,2024-03-22
416,4,Screened,1,2024-03-22
417,3,Applied,0,2023-02-25
417,3,Screened,1,2023-02-25
417,3,Interviewed,2,2023-02-25
417,3,Offered,3,2023-02-25
417,3,Hired,4,2023-02-25
418,4,Applied,0,2024-10-31
418,4,Screened,1,2024-10-31
419,3,Applied,0,2023-03-10
420,1,Applied,0,2023-06-08
420,1,Screened,1,2023-06-08
421,5,Applied,0,2024-09-03
421,5,Screened,1,2024-09-03
421,5,Interviewed,2,2024-09-03
422,2,Applied,0,2023-05-30
422,2,Screened,1,2023-05-30
422,2,Interviewed,2,2023-05-30
423,1,Applied,0,2023-09-28
424,6,Applied,0,2024-04-25
424,6,Screened,1,2024-04-25
424,6,Interviewed,2,2024-04-25
425,3,Applied,0,2023-04-15
426,3,Applied,0,2024-04-26
427,3,Applied,0,2023-11-16
427,3,Screened,1,2023-11-16
427,3,Interviewed,2,2023-11-16
427,3,Offered,3,2023-11-16
427,3,Hired,4,2023-11-16
428,6,Applied,0,2023-07-15
429,2,Applied,0,2023-11-06
429,2,Screened,1,2023-11-06
429,2,Interviewed,2,2023-11-06
430,6,Applied,0,2023-01-18
430,6,Screened,1,2023-01-18
430,6,Interviewed,2,2023-01-18
430,6,Offered,3,2023-01-18
430,6,Hired,4,2023-01-18
431,4,Applied,0,2023-01-29
431,4,Screened,1,2023-01-29
432,2,Applied,0,2024-03-05
432,2,Screened,1,2024-03-05
433,1,Applied,0,2023-11-24
434,2,Applied,0,2024-06-21
434,2,Screened,1,2024-06-21
435,4,Applied,0,2023-06-02
435,4,Screened,1,2023-06-02
435,4,Interviewed,2,2023-06-02
435,4,Offered,3,2023-06-02
435,4,Hired,4,2023-06-02
436,5,Applied,0,2024-10-15
436,5,Screened,1,2024-10-15
436,5,Interviewed,2,2024-10-15
436,5,Offered,3,2024-10-15
436,5,Hired,4,2024-10-15
437,1,Applied,0,2024-07-13
437,1,Screened,1,2024-07-13
438,1,Applied,0,2023-11-22
439,5,Applied,0,2023-03-16
440,5,Applied,0,2023-07-19
440,5,Screened,1,2023-07-19
441,2,Applied,0,2023-03-14
442,3,Applied,0,2023-11-13
442,3,Screened,1,2023-11-13
442,3,Interviewed,2,2023-11-13
442,3,Offered,3,2023-11-13
443,4,Applied,0,2024-07-02
444,3,Applied,0,2024-11-20
444,3,Screened,1,2024-11-20
445,2,Applied,0,2023-06-12
445,2,Screened,1,2023-06-12
445,2,Interviewed,2,2023-06-12
446,6,Applied,0,2023-05-18
446,6,Screened,1,2023-05-18
446,6,Interviewed,2,2023-05-18
446,6,Offered,3,2023-05-18
447,1,Applied,0,2023-12-12
447,1,Screened,1,2023-12-12
447,1,Interviewed,2,2023-12-12
447,1,Offered,3,2023-12-12
448,5,Applied,0,2024-05-13
448,5,Screened,1,2024-05-13
449,4,Applied,0,2023-03-16
449,4,Screened,1,2023-03-16
449,4,Interviewed,2,2023-03-16
450,5,Applied,0,2023-10-17
450,5,Screened,1,2023-10-17
451,4,Applied,0,2023-12-28
452,5,Applied,0,2023-05-10
452,5,Screened,1,2023-05-10
453,5,Applied,0,2023-07-04
453,5,Screened,1,2023-07-04
453,5,Interviewed,2,2023-07-04
454,2,Applied,0,2023-08-08
454,2,Screened,1,2023-08-08
455,6,Applied,0,2023-07-29
456,4,Applied,0,2023-01-05
457,2,Applied,0,2023-07-05
457,2,Screened,1,2023-07-05
458,2,Applied,0,2024-08-06
459,5,Applied,0,2023-02-23
459,5,Screened,1,2023-02-23
459,5,Interviewed,2,2023-02-23
459,5,Offered,3,2023-02-23
460,1,Applied,0,2024-09-24
460,1,Screened,1,2024-09-24
460,1,Interviewed,2,2024-09-24
460,1,Offered,3,2024-09-24
461,6,Applied,0,2024-01-28
462,5,Applied,0,2024-04-29
462,5,Screened,1,2024-04-29
462,5,Interviewed,2,2024-04-29
462,5,Offered,3,2024-04-29
463,3,Applied,0,2024-01-20
463,3,Screened,1,2024-01-20
464,1,Applied,0,2024-12-04
464,1,Screened,1,2024-12-04
465,1,Applied,0,2024-06-21
465,1,Screened,1,2024-06-21
466,3,Applied,0,2024-03-04
466,3,Screened,1,2024-03-04
467,4,Applied,0,2023-10-10
467,4,Screened,1,2023-10-10
468,1,Applied,0,2023-12-24
469,4,Applied,0,2024-10-18
469,4,Screened,1,2024-10-18
469,4,Interviewed,2,2024-10-18
470,1,Applied,0,2023-04-09
470,1,Screened,1,2023-04-09
470,1,Interviewed,2,2023-04-09
470,1,Offered,3,2023-04-09
471,6,Applied,0,2024-11-16
471,6,Screened,1,2024-11-16
471,6,Interviewed,2,2024-11-16
472,4,Applied,0,2023-11-02
472,4,Screened,1,2023-11-02
473,1,Applied,0,2024-09-17
474,3,Applied,0,2023-06-24
474,3,Screened,1,2023-06-24
474,3,Interviewed,2,2023-06-24
475,4,Applied,0,2024-08-01
475,4,Screened,1,2024-08-01
476,1,Applied,0,2023-06-12
476,1,Screened,1,2023-06-12
477,4,Applied,0,2023-03-10
477,4,Screened,1,2023-03-10
477,4,Interviewed,2,2023-03-10
478,4,Applied,0,2023-05-09
479,4,Applied,0,2024-11-12
480,5,Applied,0,2023-07-16
480,5,Screened,1,2023-07-16
481,3,Applied,0,2023-08-18
481,3,Screened,1,2023-08-18
481,3,Interviewed,2,2023-08-18
481,3,Offered,3,2023-08-18
482,1,Applied,0,2023-05-18
482,1,Screened,1,2023-05-18
482,1,Interviewed,2,2023-05-18
482,1,Offered,3,2023-05-18
483,2,Applied,0,2023-09-27
484,6,Applied,0,2023-11-20
484,6,Screened,1,2023-11-20
485,5,Applied,0,2023-11-07
485,5,Screened,1,2023-11-07
485,5,Interviewed,2,2023-11-07
485,5,Offered,3,2023-11-07
486,6,Applied,0,2023-03-31
486,6,Screened,1,2023-03-31
486,6,Interviewed,2,2023-03-31
486,6,Offered,3,2023-03-31
487,3,Applied,0,2024-03-27
487,3,Screened,1,2024-03-27
487,3,Interviewed,2,2024-03-27
487,3,Offered,3,2024-03-27
488,2,Applied,0,2024-08-13
488,2,Screened,1,2024-08-13
488,2,Interviewed,2,2024-08-13
489,5,Applied,0,2023-06-14
490,3,Applied,0,2023-02-26
490,3,Screened,1,2023-02-26
490,3,Interviewed,2,2023-02-26
491,6,Applied,0,2023-12-27
491,6,Screened,1,2023-12-27
491,6,Interviewed,2,2023-12-27
492,4,Applied,0,2024-03-23
493,3,Applied,0,2023-04-08
493,3,Screened,1,2023-04-08
493,3,Interviewed,2,2023-04-08
493,3,Offered,3,2023-04-08
493,3,Hired,4,2023-04-08
494,5,Applied,0,2023-01-27
494,5,Screened,1,2023-01-27
494,5,Interviewed,2,2023-01-27
494,5,Offered,3,2023-01-27
494,5,Hired,4,2023-01-27
495,2,Applied,0,2023-10-16
495,2,Screened,1,2023-10-16
495,2,Interviewed,2,2023-10-16
496,1,Applied,0,2023-02-25
496,1,Screened,1,2023-02-25
497,3,Applied,0,2024-02-10
498,2,Applied,0,2024-11-29
498,2,Screened,1,2024-11-29
498,2,Interviewed,2,2024-11-29
499,1,Applied,0,2024-04-18
499,1,Screened,1,2024-04-18
500,2,Applied,0,2024-12-07
500,2,Screened,1,2024-12-07
501,1,Applied,0,2024-08-26
502,1,Applied,0,2023-08-11
502,1,Screened,1,2023-08-11
503,1,Applied,0,2023-12-19
503,1,Screened,1,2023-12-19
504,1,Applied,0,2024-03-15
505,6,Applied,0,2024-12-05
505,6,Screened,1,2024-12-05
506,5,Applied,0,2024-04-28
506,5,Screened,1,2024-04-28
506,5,Interviewed,2,2024-04-28
507,5,Applied,0,2023-07-02
508,6,Applied,0,2024-09-17
508,6,Screened,1,2024-09-17
508,6,Interviewed,2,2024-09-17
509,4,Applied,0,2023-11-23
510,5,Applied,0,2023-11-29
510,5,Screened,1,2023-11-29
510,5,Interviewed,2,2023-11-29
510,5,Offered,3,2023-11-29
511,3,Applied,0,2024-05-22
511,3,Screened,1,2024-05-22
511,3,Interviewed,2,2024-05-22
511,3,Offered,3,2024-05-22
512,5,Applied,0,2024-12-12
512,5,Screened,1,2024-12-12
512,5,Interviewed,2,2024-12-12
512,5,Offered,3,2024-12-12
513,4,Applied,0,2023-02-08
513,4,Screened,1,2023-02-08
513,4,Interviewed,2,2023-02-08
514,3,Applied,0,2024-01-22
514,3,Screened,1,2024-01-22
515,3,Applied,0,2024-03-05
516,6,Applied,0,2023-01-12
516,6,Screened,1,2023-01-12
516,6,Interviewed,2,2023-01-12
516,6,Offered,3,2023-01-12
517,5,Applied,0,2024-10-26
518,4,Applied,0,2023-04-05
518,4,Screened,1,2023-04-05
518,4,Interviewed,2,2023-04-05
518,4,Offered,3,2023-04-05
519,2,Applied,0,2024-05-14
519,2,Screened,1,2024-05-14
519,2,Interviewed,2,2024-05-14
520,5,Applied,0,2023-03-09
520,5,Screened,1,2023-03-09
520,5,Interviewed,2,2023-03-09
520,5,Offered,3,2023-03-09
520,5,Hired,4,2023-03-09
521,5,Applied,0,2023-11-13
521,5,Screened,1,2023-11-13
521,5,Interviewed,2,2023-11-13
522,2,Applied,0,2023-12-11
523,5,Applied,0,2023-06-03
523,5,Screened,1,2023-06-03
524,6,Applied,0,2024-12-19
525,3,Applied,0,2024-02-25
525,3,Screened,1,2024-02-25
525,3,Interviewed,2,2024-02-25
525,3,Offered,3,2024-02-25
526,6,Applied,0,2024-12-07
527,2,Applied,0,2023-03-07
528,3,Applied,0,2023-10-11
528,3,Screened,1,2023-10-11
529,2,Applied,0,2024-09-09
529,2,Screened,1,2024-09-09
529,2,Interviewed,2,2024-09-09
529,2,Offered,3,2024-09-09
529,2,Hired,4,2024-09-09
530,3,Applied,0,2024-07-15
530,3,Screened,1,2024-07-15
530,3,Interviewed,2,2024-07-15
531,5,Applied,0,2024-06-15
531,5,Screened,1,2024-06-15
531,5,Interviewed,2,2024-06-15
531,5,Offered,3,2024-06-15
532,4,Applied,0,2023-02-06
533,4,Applied,0,2024-03-17
533,4,Screened,1,2024-03-17
533,4,Interviewed,2,2024-03-17
534,6,Applied,0,2023-07-14
534,6,Screened,1,2023-07-14
534,6,Interviewed,2,2023-07-14
535,2,Applied,0,2024-10-29
536,2,Applied,0,2023-01-18
537,3,Applied,0,2023-12-25
537,3,Screened,1,2023-12-25
537,3,Interviewed,2,2023-12-25
537,3,Offered,3,2023-12-25
538,1,Applied,0,2023-05-16
539,2,Applied,0,2023-11-05
539,2,Screened,1,2023-11-05
539,2,Interviewed,2,2023-11-05
539,2,Offered,3,2023-11-05
540,5,Applied,0,2023-05-28
540,5,Screened,1,2023-05-28
541,1,Applied,0,2024-05-16
542,3,Applied,0,2023-06-12
543,3,Applied,0,2023-01-12
543,3,Screened,1,2023-01-12
543,3,Interviewed,2,2023-01-12
544,2,Applied,0,2023-08-27
545,5,Applied,0,2024-09-28
546,1,Applied,0,2023-06-13
547,5,Applied,0,2023-12-16
548,2,Applied,0,2023-11-28
548,2,Screened,1,2023-11-28
548,2,Interviewed,2,2023-11-28
549,5,Applied,0,2023-02-25
549,5,Screened,1,2023-02-25
549,5,Interviewed,2,2023-02-25
550,5,Applied,0,2023-12-27
550,5,Screened,1,2023-12-27
551,2,Applied,0,2023-04-02
551,2,Screened,1,2023-04-02
551,2,Interviewed,2,2023-04-02
551,2,Offered,3,2023-04-02
551,2,Hired,4,2023-04-02
552,3,Applied,0,2023-01-31
553,3,Applied,0,2024-08-31
553,3,Screened,1,2024-08-31
553,3,Interviewed,2,2024-08-31
554,3,Applied,0,2024-10-01
554,3,Screened,1,2024-10-01
554,3,Interviewed,2,2024-10-01
554,3,Offered,3,2024-10-01
554,3,Hired,4,2024-10-01
555,6,Applied,0,2023-06-25
556,4,Applied,0,2024-05-19
557,4,Applied,0,2024-12-09
557,4,Screened,1,2024-12-09
557,4,Interviewed,2,2024-12-09
558,1,Applied,0,2023-10-23
559,2,Applied,0,2024-10-07
560,5,Applied,0,2024-12-02
561,4,Applied,0,2024-02-11
561,4,Screened,1,2024-02-11
561,4,Interviewed,2,2024-02-11
562,1,Applied,0,2023-01-11
562,1,Screened,1,2023-01-11
563,5,Applied,0,2023-05-15
564,4,Applied,0,2023-04-24
564,4,Screened,1,2023-04-24
564,4,Interviewed,2,2023-04-24
565,6,Applied,0,2024-06-13
565,6,Screened,1,2024-06-13
565,6,Interviewed,2,2024-06-13
565,6,Offered,3,2024-06-13
566,2,Applied,0,2023-10-26
566,2,Screened,1,2023-10-26
566,2,Interviewed,2,2023-10-26
567,3,Applied,0,2024-11-11
567,3,Screened,1,2024-11-11
567,3,Interviewed,2,2024-11-11
568,4,Applied,0,2023-11-01
569,3,Applied,0,2024-07-27
569,3,Screened,1,2024-07-27
570,1,Applied,0,2023-05-31
570,1,Screened,1,2023-05-31
570,1,Interviewed,2,2023-05-31
571,4,Applied,0,2024-02-04
572,3,Applied,0,2023-06-07
572,3,Screened,1,2023-06-07
573,1,Applied,0,2023-01-13
573,1,Screened,1,2023-01-13
574,4,Applied,0,2024-06-17
574,4,Screened,1,2024-06-17
574,4,Interviewed,2,2024-06-17
575,2,Applied,0,2024-02-13
576,4,Applied,0,2024-01-15
576,4,Screened,1,2024-01-15
577,3,Applied,0,2023-02-11
578,4,Applied,0,2024-01-27
578,4,Screened,1,2024-01-27
579,4,Applied,0,2023-10-03
580,3,Applied,0,2023-12-27
580,3,Screened,1,2023-12-27
581,5,Applied,0,2024-07-05
582,3,Applied,0,2023-04-09
582,3,Screened,1,2023-04-09
582,3,Interviewed,2,2023-04-09
582,3,Offered,3,2023-04-09
582,3,Hired,4,2023-04-09
583,6,Applied,0,2024-08-12
583,6,Screened,1,2024-08-12
583,6,Interviewed,2,2024-08-12
583,6,Offered,3,2024-08-12
583,6,Hired,4,2024-08-12
584,4,Applied,0,2024-10-18
584,4,Screened,1,2024-10-18
584,4,Interviewed,2,2024-10-18
585,6,Applied,0,2023-04-10
585,6,Screened,1,2023-04-10
586,3,Applied,0,2023-09-16
587,4,Applied,0,2024-02-19
588,2,Applied,0,2024-06-17
588,2,Screened,1,2024-06-17
589,2,Applied,0,2024-09-09
589,2,Screened,1,2024-09-09
589,2,Interviewed,2,2024-09-09
589,2,Offered,3,2024-09-09
590,3,Applied,0,2023-03-28
590,3,Screened,1,2023-03-28
590,3,Interviewed,2,2023-03-28
591,4,Applied,0,2024-02-09
592,4,Applied,0,2023-05-18
593,3,Applied,0,2024-04-14
594,4,Applied,0,2024-07-03
594,4,Screened,1,2024-07-03
594,4,Interviewed,2,2024-07-03
594,4,Offered,3,2024-07-03
595,6,Applied,0,2024-10-15
596,4,Applied,0,2023-12-12
596,4,Screened,1,2023-12-12
596,4,Interviewed,2,2023-12-12
596,4,Offered,3,2023-12-12
596,4,Hired,4,2023-12-12
597,6,Applied,0,2024-09-01
597,6,Screened,1,2024-09-01
598,5,Applied,0,2023-03-12
598,5,Screened,1,2023-03-12
598,5,Interviewed,2,2023-03-12
599,5,Applied,0,2024-07-13
599,5,Screened,1,2024-07-13
600,1,Applied,0,2024-08-22
600,1,Screened,1,2024-08-22
600,1,Interviewed,2,2024-08-22
601,5,Applied,0,2023-02-28
601,5,Screened,1,2023-02-28
601,5,Interviewed,2,2023-02-28
602,2,Applied,0,2024-09-16
603,6,Applied,0,2024-03-19
603,6,Screened,1,2024-03-19
604,1,Applied,0,2023-08-20
604,1,Screened,1,2023-08-20
604,1,Interviewed,2,2023-08-20
604,1,Offered,3,2023-08-20
605,5,Applied,0,2023-11-02
605,5,Screened,1,2023-11-02
605,5,Interviewed,2,2023-11-02
605,5,Offered,3,2023-11-02
605,5,Hired,4,2023-11-02
606,2,Applied,0,2023-06-21
607,3,Applied,0,2024-02-25
607,3,Screened,1,2024-02-25
607,3,Interviewed,2,2024-02-25
608,6,Applied,0,2024-07-26
608,6,Screened,1,2024-07-26
609,2,Applied,0,2024-03-19
609,2,Screened,1,2024-03-19
610,2,Applied,0,2023-04-09
610,2,Screened,1,2023-04-09
611,3,Applied,0,2023-08-23
611,3,Screened,1,2023-08-23
612,5,Applied,0,2023-08-16
613,6,Applied,0,2024-04-06
613,6,Screened,1,2024-04-06
614,1,Applied,0,2023-01-16
614,1,Screened,1,2023-01-16
614,1,Interviewed,2,2023-01-16
614,1,Offered,3,2023-01-16
614,1,Hired,4,2023-01-16
615,1,Applied,0,2024-08-17
615,1,Screened,1,2024-08-17
615,1,Interviewed,2,2024-08-17
616,3,Applied,0,2023-05-23
616,3,Screened,1,2023-05-23
617,3,Applied,0,2023-02-24
618,4,Applied,0,2023-08-05
618,4,Screened,1,2023-08-05
618,4,Interviewed,2,2023-08-05
619,1,Applied,0,2023-08-25
619,1,Screened,1,2023-08-25
620,4,Applied,0,2023-12-28
620,4,Screened,1,2023-12-28
621,2,Applied,0,2023-09-21
621,2,Screened,1,2023-09-21
621,2,Interviewed,2,2023-09-21
621,2,Offered,3,2023-09-21
621,2,Hired,4,2023-09-21
622,6,Applied,0,2023-10-13
622,6,Screened,1,2023-10-13
623,3,Applied,0,2023-05-23
623,3,Screened,1,2023-05-23
624,5,Applied,0,2023-01-05
625,4,Applied,0,2024-03-26
625,4,Screened,1,2024-03-26
625,4,Interviewed,2,2024-03-26
625,4,Offered,3,2024-03-26
625,4,Hired,4,2024-03-26
626,3,Applied,0,2023-08-03
626,3,Screened,1,2023-08-03
626,3,Interviewed,2,2023-08-03
627,3,Applied,0,2023-05-18
627,3,Screened,1,2023-05-18
628,5,Applied,0,2023-01-11
628,5,Screened,1,2023-01-11
628,5,Interviewed,2,2023-01-11
628,5,Offered,3,2023-01-11
629,5,Applied,0,2024-12-07
629,5,Screened,1,2024-12-07
629,5,Interviewed,2,2024-12-07
629,5,Offered,3,2024-12-07
629,5,Hired,4,2024-12-07
630,5,Applied,0,2024-03-12
631,4,Applied,0,2024-03-11
632,4,Applied,0,2023-02-23
632,4,Screened,1,2023-02-23
633,3,Applied,0,2023-04-22
633,3,Screened,1,2023-04-22
633,3,Interviewed,2,2023-04-22
633,3,Offered,3,2023-04-22
633,3,Hired,4,2023-04-22
634,5,Applied,0,2024-06-07
635,6,Applied,0,2023-05-24
635,6,Screened,1,2023-05-24
635,6,Interviewed,2,2023-05-24
635,6,Offered,3,2023-05-24
635,6,Hired,4,2023-05-24
636,5,Applied,0,2023-05-26
636,5,Screened,1,2023-05-26
636,5,Interviewed,2,2023-05-26
636,5,Offered,3,2023-05-26
636,5,Hired,4,2023-05-26
637,3,Applied,0,2024-07-05
638,5,Applied,0,2024-10-01
638,5,Screened,1,2024-10-01
639,6,Applied,0,2024-06-10
640,6,Applied,0,2023-12-25
640,6,Screened,1,2023-12-25
640,6,Interviewed,2,2023-12-25
640,6,Offered,3,2023-12-25
641,6,Applied,0,2024-02-12
641,6,Screened,1,2024-02-12
641,6,Interviewed,2,2024-02-12
641,6,Offered,3,2024-02-12
642,3,Applied,0,2023-11-27
643,1,Applied,0,2024-03-13
643,1,Screened,1,2024-03-13
643,1,Interviewed,2,2024-03-13
643,1,Offered,3,2024-03-13
643,1,Hired,4,2024-03-13
644,1,Applied,0,2023-12-31
644,1,Screened,1,2023-12-31
645,4,Applied,0,2024-12-12
645,4,Screened,1,2024-12-12
645,4,Interviewed,2,2024-12-12
646,3,Applied,0,2023-01-07
646,3,Screened,1,2023-01-07
646,3,Interviewed,2,2023-01-07
646,3,Offered,3,2023-01-07
647,1,Applied,0,2024-02-03
647,1,Screened,1,2024-02-03
647,1,Interviewed,2,2024-02-03
647,1,Offered,3,2024-02-03
647,1,Hired,4,2024-02-03
648,6,Applied,0,2024-07-26
648,6,Screened,1,2024-07-26
649,1,Applied,0,2023-10-14
650,3,Applied,0,2024-09-03
651,2,Applied,0,2024-11-19
651,2,Screened,1,2024-11-19
651,2,Interviewed,2,2024-11-19
651,2,Offered,3,2024-11-19
652,3,Applied,0,2024-11-29
652,3,Screened,1,2024-11-29
653,4,Applied,0,2024-04-12
653,4,Screened,1,2024-04-12
653,4,Interviewed,2,2024-04-12
654,6,Applied,0,2024-02-09
654,6,Screened,1,2024-02-09
655,4,Applied,0,2023-04-04
655,4,Screened,1,2023-04-04
655,4,Interviewed,2,2023-04-04
655,4,Offered,3,2023-04-04
655,4,Hired,4,2023-04-04
656,3,Applied,0,2023-05-01
656,3,Screened,1,2023-05-01
657,1,Applied,0,2023-07-14
658,4,Applied,0,2024-01-06
658,4,Screened,1,2024-01-06
659,6,Applied,0,2024-06-24
660,6,Applied,0,2024-12-28
660,6,Screened,1,2024-12-28
661,2,Applied,0,2023-06-16
661,2,Screened,1,2023-06-16
661,2,Interviewed,2,2023-06-16
662,2,Applied,0,2024-03-28
662,2,Screened,1,2024-03-28
662,2,Interviewed,2,2024-03-28
662,2,Offered,3,2024-03-28
663,4,Applied,0,2024-04-07
663,4,Screened,1,2024-04-07
664,6,Applied,0,2023-12-06
664,6,Screened,1,2023-12-06
664,6,Interviewed,2,2023-12-06
664,6,Offered,3,2023-12-06
664,6,Hired,4,2023-12-06
665,2,Applied,0,2024-05-20
666,4,Applied,0,2023-04-27
666,4,Screened,1,2023-04-27
666,4,Interviewed,2,2023-04-27
667,5,Applied,0,2024-11-30
667,5,Screened,1,2024-11-30
668,2,Applied,0,2024-07-26
669,1,Applied,0,2023-12-27
670,5,Applied,0,2024-01-22
670,5,Screened,1,2024-01-22
670,5,Interviewed,2,2024-01-22
670,5,Offered,3,2024-01-22
670,5,Hired,4,2024-01-22
671,4,Applied,0,2024-08-30
671,4,Screened,1,2024-08-30
672,4,Applied,0,2023-06-25
672,4,Screened,1,2023-06-25
672,4,Interviewed,2,2023-06-25
673,5,Applied,0,2024-02-03
673,5,Screened,1,2024-02-03
674,6,Applied,0,2024-10-29
674,6,Screened,1,2024-10-29
674,6,Interviewed,2,2024-10-29
675,3,Applied,0,2024-07-28
675,3,Screened,1,2024-07-28
675,3,Interviewed,2,2024-07-28
676,4,Applied,0,2024-03-27
676,4,Screened,1,2024-03-27
677,1,Applied,0,2024-01-23
677,1,Screened,1,2024-01-23
678,6,Applied,0,2023-10-17
679,3,Applied,0,2024-11-22
679,3,Screened,1,2024-11-22
680,6,Applied,0,2023-06-07
680,6,Screened,1,2023-06-07
680,6,Interviewed,2,2023-06-07
680,6,Offered,3,2023-06-07
680,6,Hired,4,2023-06-07
681,2,Applied,0,2024-02-07
681,2,Screened,1,2024-02-07
681,2,Interviewed,2,2024-02-07
682,3,Applied,0,2024-05-27
682,3,Screened,1,2024-05-27
683,1,Applied,0,2024-09-13
683,1,Screened,1,2024-09-13
683,1,Interviewed,2,2024-09-13
683,1,Offered,3,2024-09-13
684,6,Applied,0,2024-08-09
684,6,Screened,1,2024-08-09
685,3,Applied,0,2024-06-17
685,3,Screened,1,2024-06-17
685,3,Interviewed,2,2024-06-17
685,3,Offered,3,2024-06-17
685,3,Hired,4,2024-06-17
686,2,Applied,0,2023-08-29
686,2,Screened,1,2023-08-29
686,2,Interviewed,2,2023-08-29
686,2,Offered,3,2023-08-29
687,5,Applied,0,2024-02-07
687,5,Screened,1,2024-02-07
687,5,Interviewed,2,2024-02-07
687,5,Offered,3,2024-02-07
687,5,Hired,4,2024-02-07
688,3,Applied,0,2023-03-12
689,2,Applied,0,2023-04-26
689,2,Screened,1,2023-04-26
689,2,Interviewed,2,2023-04-26
689,2,Offered,3,2023-04-26
690,5,Applied,0,2023-08-13
690,5,Screened,1,2023-08-13
690,5,Interviewed,2,2023-08-13
690,5,Offered,3,2023-08-13
691,6,Applied,0,2023-04-24
692,3,Applied,0,2023-04-26
692,3,Screened,1,2023-04-26
693,6,Applied,0,2024-02-23
694,1,Applied,0,2023-01-10
695,2,Applied,0,2023-09-08
695,2,Screened,1,2023-09-08
695,2,Interviewed,2,2023-09-08
696,5,Applied,0,2023-06-08
697,1,Applied,0,2024-06-19
697,1,Screened,1,2024-06-19
697,1,Interviewed,2,2024-06-19
697,1,Offered,3,2024-06-19
697,1,Hired,4,2024-06-19
698,4,Applied,0,2024-08-18
698,4,Screened,1,2024-08-18
699,2,Applied,0,2024-07-27
700,1,Applied,0,2024-07-27
701,4,Applied,0,2023-01-08
701,4,Screened,1,2023-01-08
701,4,Interviewed,2,2023-01-08
701,4,Offered,3,2023-01-08
701,4,Hired,4,2023-01-08
702,6,Applied,0,2023-12-21
703,1,Applied,0,2023-02-26
703,1,Screened,1,2023-02-26
704,1,Applied,0,2023-03-22
705,4,Applied,0,2023-09-07
706,6,Applied,0,2023-11-23
707,2,Applied,0,2023-01-27
707,2,Screened,1,2023-01-27
707,2,Interviewed,2,2023-01-27
707,2,Offered,3,2023-01-27
708,2,Applied,0,2023-10-24
708,2,Screened,1,2023-10-24
708,2,Interviewed,2,2023-10-24
708,2,Offered,3,2023-10-24
708,2,Hired,4,2023-10-24
709,4,Applied,0,2023-10-04
709,4,Screened,1,2023-10-04
709,4,Interviewed,2,2023-10-04
710,6,Applied,0,2024-03-24
710,6,Screened,1,2024-03-24
711,6,Applied,0,2024-04-13
711,6,Screened,1,2024-04-13
712,6,Applied,0,2023-07-08
713,4,Applied,0,2023-09-22
714,3,Applied,0,2023-08-29
715,1,Applied,0,2023-07-07
716,4,Applied,0,2024-03-03
716,4,Screened,1,2024-03-03
717,5,Applied,0,2024-08-20
717,5,Screened,1,2024-08-20
717,5,Interviewed,2,2024-08-20
717,5,Offered,3,2024-08-20
718,6,Applied,0,2023-10-14
719,1,Applied,0,2023-08-06
719,1,Screened,1,2023-08-06
719,1,Interviewed,2,2023-08-06
719,1,Offered,3,2023-08-06
720,2,Applied,0,2023-09-15
720,2,Screened,1,2023-09-15
720,2,Interviewed,2,2023-09-15
720,2,Offered,3,2023-09-15
720,2,Hired,4,2023-09-15
721,3,Applied,0,2024-08-21
721,3,Screened,1,2024-08-21
721,3,Interviewed,2,2024-08-21
722,1,Applied,0,2023-03-23
723,6,Applied,0,2024-07-10
723,6,Screened,1,2024-07-10
723,6,Interviewed,2,2024-07-10
724,2,Applied,0,2024-05-20
724,2,Screened,1,2024-05-20
724,2,Interviewed,2,2024-05-20
725,6,Applied,0,2023-10-23
725,6,Screened,1,2023-10-23
725,6,Interviewed,2,2023-10-23
726,3,Applied,0,2024-01-23
727,6,Applied,0,2023-06-27
727,6,Screened,1,2023-06-27
728,1,Applied,0,2023-01-25
729,1,Applied,0,2023-09-15
729,1,Screened,1,2023-09-15
730,4,Applied,0,2023-07-08
731,4,Applied,0,2023-01-16
731,4,Screened,1,2023-01-16
731,4,Interviewed,2,2023-01-16
732,4,Applied,0,2024-05-02
732,4,Screened,1,2024-05-02
733,1,Applied,0,2024-04-23
733,1,Screened,1,2024-04-23
733,1,Interviewed,2,2024-04-23
734,6,Applied,0,2024-11-09
734,6,Screened,1,2024-11-09
734,6,Interviewed,2,2024-11-09
735,5,Applied,0,2024-09-28
736,2,Applied,0,2023-01-30
736,2,Screened,1,2023-01-30
736,2,Interviewed,2,2023-01-30
736,2,Offered,3,2023-01-30
736,2,Hired,4,2023-01-30
737,6,Applied,0,2023-01-18
737,6,Screened,1,2023-01-18
737,6,Interviewed,2,2023-01-18
737,6,Offered,3,2023-01-18
738,1,Applied,0,2023-09-24
738,1,Screened,1,2023-09-24
738,1,Interviewed,2,2023-09-24
738,1,Offered,3,2023-09-24
739,5,Applied,0,2023-11-26
739,5,Screened,1,2023-11-26
740,1,Applied,0,2023-12-15
740,1,Screened,1,2023-12-15
741,5,Applied,0,2024-01-23
742,6,Applied,0,2023-03-01
742,6,Screened,1,2023-03-01
743,6,Applied,0,2023-06-07
744,3,Applied,0,2024-02-21
744,3,Screened,1,2024-02-21
745,5,Applied,0,2024-03-23
745,5,Screened,1,2024-03-23
746,2,Applied,0,2023-04-07
747,3,Applied,0,2023-11-10
747,3,Screened,1,2023-11-10
747,3,Interviewed,2,2023-11-10
748,6,Applied,0,2024-11-05
749,2,Applied,0,2024-03-11
750,6,Applied,0,2023-11-06
750,6,Screened,1,2023-11-06
750,6,Interviewed,2,2023-11-06
751,1,Applied,0,2023-11-24
751,1,Screened,1,2023-11-24
751,1,Interviewed,2,2023-11-24
752,3,Applied,0,2024-06-14
753,2,Applied,0,2024-11-29
754,2,Applied,0,2024-03-02
754,2,Screened,1,2024-03-02
755,3,Applied,0,2024-04-11
755,3,Screened,1,2024-04-11
756,3,Applied,0,2023-09-18
757,1,Applied,0,2024-12-21
758,3,Applied,0,2024-05-11
758,3,Screened,1,2024-05-11
758,3,Interviewed,2,2024-05-11
759,1,Applied,0,2023-12-02
759,1,Screened,1,2023-12-02
759,1,Interviewed,2,2023-12-02
760,5,Applied,0,2023-03-23
761,6,Applied,0,2023-03-12
761,6,Screened,1,2023-03-12
761,6,Interviewed,2,2023-03-12
761,6,Offered,3,2023-03-12
762,5,Applied,0,2023-01-01
762,5,Screened,1,2023-01-01
763,6,Applied,0,2023-07-29
764,4,Applied,0,2023-11-21
764,4,Screened,1,2023-11-21
765,2,Applied,0,2024-01-02
765,2,Screened,1,2024-01-02
765,2,Interviewed,2,2024-01-02
766,5,Applied,0,2024-07-29
766,5,Screened,1,2024-07-29
767,5,Applied,0,2024-01-15
767,5,Screened,1,2024-01-15
767,5,Interviewed,2,2024-01-15
768,2,Applied,0,2024-10-17
768,2,Screened,1,2024-10-17
769,3,Applied,0,2023-05-28
770,3,Applied,0,2023-08-13
771,1,Applied,0,2024-07-29
771,1,Screened,1,2024-07-29
771,1,Interviewed,2,2024-07-29
771,1,Offered,3,2024-07-29
772,5,Applied,0,2023-06-08
772,5,Screened,1,2023-06-08
773,3,Applied,0,2024-07-22
773,3,Screened,1,2024-07-22
774,1,Applied,0,2023-03-13
774,1,Screened,1,2023-03-13
775,3,Applied,0,2024-06-02
775,3,Screened,1,2024-06-02
776,6,Applied,0,2023-03-21
776,6,Screened,1,2023-03-21
776,6,Interviewed,2,2023-03-21
777,3,Applied,0,2023-06-22
777,3,Screened,1,2023-06-22
778,1,Applied,0,2023-10-21
778,1,Screened,1,2023-10-21
778,1,Interviewed,2,2023-10-21
778,1,Offered,3,2023-10-21
778,1,Hired,4,2023-10-21
779,6,Applied,0,2023-12-22
779,6,Screened,1,2023-12-22
780,4,Applied,0,2023-01-12
781,2,Applied,0,2023-02-14
781,2,Screened,1,2023-02-14
781,2,Interviewed,2,2023-02-14
782,1,Applied,0,2023-03-27
783,3,Applied,0,2023-07-18
783,3,Screened,1,2023-07-18
783,3,Interviewed,2,2023-07-18
784,5,Applied,0,2023-11-08
785,4,Applied,0,2024-08-03
785,4,Screened,1,2024-08-03
785,4,Interviewed,2,2024-08-03
786,5,Applied,0,2023-09-16
786,5,Screened,1,2023-09-16
786,5,Interviewed,2,2023-09-16
786,5,Offered,3,2023-09-16
786,5,Hired,4,2023-09-16
787,2,Applied,0,2024-12-17
787,2,Screened,1,2024-12-17
787,2,Interviewed,2,2024-12-17
787,2,Offered,3,2024-12-17
787,2,Hired,4,2024-12-17
788,5,Applied,0,2024-12-09
788,5,Screened,1,2024-12-09
789,1,Applied,0,2024-03-10
790,3,Applied,0,2024-11-17
791,1,Applied,0,2024-03-01
791,1,Screened,1,2024-03-01
791,1,Interviewed,2,2024-03-01
791,1,Offered,3,2024-03-01
792,4,Applied,0,2023-11-01
792,4,Screened,1,2023-11-01
792,4,Interviewed,2,2023-11-01
793,1,Applied,0,2024-12-24
793,1,Screened,1,2024-12-24
793,1,Interviewed,2,2024-12-24
794,6,Applied,0,2024-02-12
794,6,Screened,1,2024-02-12
795,6,Applied,0,2024-12-09
796,2,Applied,0,2023-09-01
796,2,Screened,1,2023-09-01
797,1,Applied,0,2024-03-05
797,1,Screened,1,2024-03-05
798,2,Applied,0,2024-09-25
798,2,Screened,1,2024-09-25
798,2,Interviewed,2,2024-09-25
798,2,Offered,3,2024-09-25
799,5,Applied,0,2023-01-08
799,5,Screened,1,2023-01-08
800,3,Applied,0,2023-02-05
801,2,Applied,0,2023-03-01
802,3,Applied,0,2023-02-19
802,3,Screened,1,2023-02-19
802,3,Interviewed,2,2023-02-19
803,4,Applied,0,2024-09-22
803,4,Screened,1,2024-09-22
804,5,Applied,0,2023-11-03
805,4,Applied,0,2024-12-16
805,4,Screened,1,2024-12-16
805,4,Interviewed,2,2024-12-16
806,4,Applied,0,2023-12-24
806,4,Screened,1,2023-12-24
806,4,Interviewed,2,2023-12-24
806,4,Offered,3,2023-12-24
806,4,Hired,4,2023-12-24
807,3,Applied,0,2024-12-26
807,3,Screened,1,2024-12-26
807,3,Interviewed,2,2024-12-26
808,5,Applied,0,2024-02-18
809,6,Applied,0,2024-09-04
810,1,Applied,0,2023-03-07
810,1,Screened,1,2023-03-07
810,1,Interviewed,2,2023-03-07
810,1,Offered,3,2023-03-07
811,1,Applied,0,2023-04-19
811,1,Screened,1,2023-04-19
812,2,Applied,0,2024-04-10
813,4,Applied,0,2024-11-19
814,1,Applied,0,2023-03-18
814,1,Screened,1,2023-03-18
814,1,Interviewed,2,2023-03-18
814,1,Offered,3,2023-03-18
814,1,Hired,4,2023-03-18
815,5,Applied,0,2023-03-30
815,5,Screened,1,2023-03-30
816,5,Applied,0,2023-12-22
816,5,Screened,1,2023-12-22
817,4,Applied,0,2023-11-17
817,4,Screened,1,2023-11-17
817,4,Interviewed,2,2023-11-17
817,4,Offered,3,2023-11-17
817,4,Hired,4,2023-11-17
818,2,Applied,0,2023-01-08
818,2,Screened,1,2023-01-08
819,6,Applied,0,2024-01-08
819,6,Screened,1,2024-01-08
819,6,Interviewed,2,2024-01-08
819,6,Offered,3,2024-01-08
819,6,Hired,4,2024-01-08
820,4,Applied,0,2023-06-16
820,4,Screened,1,2023-06-16
821,1,Applied,0,2023-12-01
821,1,Screened,1,2023-12-01
821,1,Interviewed,2,2023-12-01
821,1,Offered,3,2023-12-01
822,4,Applied,0,2024-05-03
822,4,Screened,1,2024-05-03
822,4,Interviewed,2,2024-05-03
823,3,Applied,0,2023-06-29
823,3,Screened,1,2023-06-29
823,3,Interviewed,2,2023-06-29
824,2,Applied,0,2024-01-25
824,2,Screened,1,2024-01-25
824,2,Interviewed,2,2024-01-25
825,5,Applied,0,2024-12-04
825,5,Screened,1,2024-12-04
825,5,Interviewed,2,2024-12-04
825,5,Offered,3,2024-12-04
826,3,Applied,0,2023-06-26
827,3,Applied,0,2024-08-14
827,3,Screened,1,2024-08-14
828,3,Applied,0,2024-08-16
829,3,Applied,0,2023-09-25
829,3,Screened,1,2023-09-25
830,2,Applied,0,2023-12-29
830,2,Screened,1,2023-12-29
830,2,Interviewed,2,2023-12-29
831,3,Applied,0,2024-05-23
831,3,Screened,1,2024-05-23
831,3,Interviewed,2,2024-05-23
832,2,Applied,0,2023-08-26
833,2,Applied,0,2023-03-28
833,2,Screened,1,2023-03-28
833,2,Interviewed,2,2023-03-28
833,2,Offered,3,2023-03-28
833,2,Hired,4,2023-03-28
834,2,Applied,0,2023-03-10
834,2,Screened,1,2023-03-10
834,2,Interviewed,2,2023-03-10
834,2,Offered,3,2023-03-10
834,2,Hired,4,2023-03-10
835,1,Applied,0,2024-08-06
835,1,Screened,1,2024-08-06
836,2,Applied,0,2024-01-27
836,2,Screened,1,2024-01-27
836,2,Interviewed,2,2024-01-27
837,4,Applied,0,2024-01-31
837,4,Screened,1,2024-01-31
837,4,Interviewed,2,2024-01-31
838,6,Applied,0,2023-10-17
839,3,Applied,0,2023-05-26
839,3,Screened,1,2023-05-26
839,3,Interviewed,2,2023-05-26
839,3,Offered,3,2023-05-26
840,4,Applied,0,2024-02-21
840,4,Screened,1,2024-02-21
841,3,Applied,0,2024-05-22
841,3,Screened,1,2024-05-22
842,6,Applied,0,2023-12-31
842,6,Screened,1,2023-12-31
842,6,Interviewed,2,2023-12-31
843,2,Applied,0,2024-01-28
843,2,Screened,1,2024-01-28
844,1,Applied,0,2024-01-14
844,1,Screened,1,2024-01-14
845,5,Applied,0,2024-09-19
845,5,Screened,1,2024-09-19
845,5,Interviewed,2,2024-09-19
845,5,Offered,3,2024-09-19
846,3,Applied,0,2023-05-11
846,3,Screened,1,2023-05-11
847,4,Applied,0,2023-09-04
848,3,Applied,0,2023-02-19
848,3,Screened,1,2023-02-19
848,3,Interviewed,2,2023-02-19
848,3,Offered,3,2023-02-19
848,3,Hired,4,2023-02-19
849,1,Applied,0,2024-09-09
849,1,Screened,1,2024-09-09
850,2,Applied,0,2024-03-12
850,2,Screened,1,2024-03-12
851,5,Applied,0,2023-02-09
852,6,Applied,0,2023-09-07
852,6,Screened,1,2023-09-07
853,1,Applied,0,2023-08-15
853,1,Screened,1,2023-08-15
854,2,Applied,0,2023-06-16
855,2,Applied,0,2024-08-08
855,2,Screened,1,2024-08-08
855,2,Interviewed,2,2024-08-08
855,2,Offered,3,2024-08-08
855,2,Hired,4,2024-08-08
856,5,Applied,0,2024-10-21
856,5,Screened,1,2024-10-21
857,4,Applied,0,2023-04-02
858,3,Applied,0,2023-05-22
858,3,Screened,1,2023-05-22
858,3,Interviewed,2,2023-05-22
859,1,Applied,0,2024-05-25
859,1,Screened,1,2024-05-25
859,1,Interviewed,2,2024-05-25
860,3,Applied,0,2023-04-28
860,3,Screened,1,2023-04-28
860,3,Interviewed,2,2023-04-28
861,5,Applied,0,2023-05-19
861,5,Screened,1,2023-05-19
861,5,Interviewed,2,2023-05-19
862,2,Applied,0,2023-10-18
862,2,Screened,1,2023-10-18
862,2,Interviewed,2,2023-10-18
862,2,Offered,3,2023-10-18
863,6,Applied,0,2024-08-03
863,6,Screened,1,2024-08-03
863,6,Interviewed,2,2024-08-03
863,6,Offered,3,2024-08-03
863,6,Hired,4,2024-08-03
864,6,Applied,0,2023-01-26
864,6,Screened,1,2023-01-26
865,2,Applied,0,2024-10-21
865,2,Screened,1,2024-10-21
866,2,Applied,0,2023-05-25
866,2,Screened,1,2023-05-25
866,2,Interviewed,2,2023-05-25
866,2,Offered,3,2023-05-25
867,3,Applied,0,2023-03-29
868,3,Applied,0,2024-09-23
869,5,Applied,0,2023-07-20
869,5,Screened,1,2023-07-20
869,5,Interviewed,2,2023-07-20
869,5,Offered,3,2023-07-20
869,5,Hired,4,2023-07-20
870,5,Applied,0,2024-07-31
870,5,Screened,1,2024-07-31
871,4,Applied,0,2024-12-13
871,4,Screened,1,2024-12-13
872,4,Applied,0,2023-11-18
872,4,Screened,1,2023-11-18
872,4,Interviewed,2,2023-11-18
872,4,Offered,3,2023-11-18
873,1,Applied,0,2023-02-10
873,1,Screened,1,2023-02-10
873,1,Interviewed,2,2023-02-10
874,4,Applied,0,2024-07-22
875,6,Applied,0,2023-11-08
875,6,Screened,1,2023-11-08
875,6,Interviewed,2,2023-11-08
876,3,Applied,0,2024-10-16
877,4,Applied,0,2023-11-17
878,2,Applied,0,2023-12-30
879,4,Applied,0,2023-09-02
879,4,Screened,1,2023-09-02
879,4,Interviewed,2,2023-09-02
880,1,Applied,0,2023-11-12
880,1,Screened,1,2023-11-12
880,1,Interviewed,2,2023-11-12
880,1,Offered,3,2023-11-12
880,1,Hired,4,2023-11-12
881,2,Applied,0,2024-09-01
882,3,Applied,0,2024-02-27
882,3,Screened,1,2024-02-27
883,1,Applied,0,2024-02-06
884,1,Applied,0,2023-04-26
884,1,Screened,1,2023-04-26
885,1,Applied,0,2024-02-16
886,6,Applied,0,2024-09-15
886,6,Screened,1,2024-09-15
887,1,Applied,0,2024-06-26
888,4,Applied,0,2024-04-01
888,4,Screened,1,2024-04-01
889,1,Applied,0,2024-08-23
889,1,Screened,1,2024-08-23
889,1,Interviewed,2,2024-08-23
890,6,Applied,0,2023-04-26
890,6,Screened,1,2023-04-26
890,6,Interviewed,2,2023-04-26
891,3,Applied,0,2024-11-06
891,3,Screened,1,2024-11-06
891,3,Interviewed,2,2024-11-06
892,6,Applied,0,2023-01-14
892,6,Screened,1,2023-01-14
893,1,Applied,0,2024-12-14
893,1,Screened,1,2024-12-14
893,1,Interviewed,2,2024-12-14
893,1,Offered,3,2024-12-14
893,1,Hired,4,2024-12-14
894,5,Applied,0,2023-04-08
894,5,Screened,1,2023-04-08
894,5,Interviewed,2,2023-04-08
894,5,Offered,3,2023-04-08
894,5,Hired,4,2023-04-08
895,2,Applied,0,2023-06-23
895,2,Screened,1,2023-06-23
896,2,Applied,0,2024-08-06
896,2,Screened,1,2024-08-06
896,2,Interviewed,2,2024-08-06
896,2,Offered,3,2024-08-06
896,2,Hired,4,2024-08-06
897,1,Applied,0,2024-01-28
898,3,Applied,0,2024-09-06
899,3,Applied,0,2023-01-02
900,3,Applied,0,2023-02-03
900,3,Screened,1,2023-02-03
900,3,Interviewed,2,2023-02-03
901,5,Applied,0,2023-10-09
901,5,Screened,1,2023-10-09
902,3,Applied,0,2024-01-23
903,3,Applied,0,2024-03-28
903,3,Screened,1,2024-03-28
904,1,Applied,0,2024-01-16
904,1,Screened,1,2024-01-16
904,1,Interviewed,2,2024-01-16
904,1,Offered,3,2024-01-16
904,1,Hired,4,2024-01-16
905,4,Applied,0,2024-04-28
905,4,Screened,1,2024-04-28
905,4,Interviewed,2,2024-04-28
905,4,Offered,3,2024-04-28
905,4,Hired,4,2024-04-28
906,5,Applied,0,2023-08-25
906,5,Screened,1,2023-08-25
906,5,Interviewed,2,2023-08-25
906,5,Offered,3,2023-08-25
907,6,Applied,0,2024-03-14
907,6,Screened,1,2024-03-14
907,6,Interviewed,2,2024-03-14
907,6,Offered,3,2024-03-14
908,3,Applied,0,2024-05-06
908,3,Screened,1,2024-05-06
909,1,Applied,0,2024-03-28
909,1,Screened,1,2024-03-28
909,1,Interviewed,2,2024-03-28
910,6,Applied,0,2023-07-31
910,6,Screened,1,2023-07-31
910,6,Interviewed,2,2023-07-31
911,4,Applied,0,2023-09-09
912,3,Applied,0,2024-12-30
913,6,Applied,0,2024-05-18
913,6,Screened,1,2024-05-18
914,6,Applied,0,2023-07-03
914,6,Screened,1,2023-07-03
915,3,Applied,0,2024-07-16
916,2,Applied,0,2023-09-01
917,2,Applied,0,2024-11-23
918,3,Applied,0,2024-01-03
919,1,Applied,0,2023-10-30
920,6,Applied,0,2023-05-30
920,6,Screened,1,2023-05-30
921,4,Applied,0,2023-05-28
921,4,Screened,1,2023-05-28
921,4,Interviewed,2,2023-05-28
921,4,Offered,3,2023-05-28
922,1,Applied,0,2023-01-24
923,4,Applied,0,2024-08-21
923,4,Screened,1,2024-08-21
924,5,Applied,0,2024-01-11
924,5,Screened,1,2024-01-11
925,4,Applied,0,2024-05-18
926,3,Applied,0,2023-12-09
927,6,Applied,0,2024-10-21
928,6,Applied,0,2024-09-12
928,6,Screened,1,2024-09-12
929,1,Applied,0,2024-03-24
929,1,Screened,1,2024-03-24
929,1,Interviewed,2,2024-03-24
929,1,Offered,3,2024-03-24
930,2,Applied,0,2024-09-28
930,2,Screened,1,2024-09-28
930,2,Interviewed,2,2024-09-28
931,4,Applied,0,2023-05-05
931,4,Screened,1,2023-05-05
931,4,Interviewed,2,2023-05-05
931,4,Offered,3,2023-05-05
931,4,Hired,4,2023-05-05
932,4,Applied,0,2023-06-08
933,2,Applied,0,2023-06-12
933,2,Screened,1,2023-06-12
934,4,Applied,0,2024-06-21
934,4,Screened,1,2024-06-21
934,4,Interviewed,2,2024-06-21
935,2,Applied,0,2023-09-28
935,2,Screened,1,2023-09-28
935,2,Interviewed,2,2023-09-28
936,1,Applied,0,2023-07-05
936,1,Screened,1,2023-07-05
936,1,Interviewed,2,2023-07-05
937,4,Applied,0,2024-03-19
937,4,Screened,1,2024-03-19
937,4,Interviewed,2,2024-03-19
937,4,Offered,3,2024-03-19
938,6,Applied,0,2023-07-10
938,6,Screened,1,2023-07-10
939,2,Applied,0,2023-01-03
939,2,Screened,1,2023-01-03
939,2,Interviewed,2,2023-01-03
940,6,Applied,0,2024-02-04
940,6,Screened,1,2024-02-04
941,5,Applied,0,2023-06-04
941,5,Screened,1,2023-06-04
941,5,Interviewed,2,2023-06-04
941,5,Offered,3,2023-06-04
941,5,Hired,4,2023-06-04
942,1,Applied,0,2023-09-27
942,1,Screened,1,2023-09-27
943,3,Applied,0,2024-01-17
943,3,Screened,1,2024-01-17
943,3,Interviewed,2,2024-01-17
943,3,Offered,3,2024-01-17
943,3,Hired,4,2024-01-17
944,2,Applied,0,2023-09-04
944,2,Screened,1,2023-09-04
944,2,Interviewed,2,2023-09-04
945,6,Applied,0,2024-01-01
945,6,Screened,1,2024-01-01
945,6,Interviewed,2,2024-01-01
946,3,Applied,0,2023-10-14
946,3,Screened,1,2023-10-14
946,3,Interviewed,2,2023-10-14
947,2,Applied,0,2023-08-08
947,2,Screened,1,2023-08-08
947,2,Interviewed,2,2023-08-08
947,2,Offered,3,2023-08-08
948,4,Applied,0,2023-09-22
948,4,Screened,1,2023-09-22
949,3,Applied,0,2023-10-16
950,5,Applied,0,2024-12-11
951,3,Applied,0,2024-10-04
952,6,Applied,0,2023-11-26
953,2,Applied,0,2024-10-25
953,2,Screened,1,2024-10-25
953,2,Interviewed,2,2024-10-25
953,2,Offered,3,2024-10-25
953,2,Hired,4,2024-10-25
954,3,Applied,0,2023-09-15
954,3,Screened,1,2023-09-15
954,3,Interviewed,2,2023-09-15
954,3,Offered,3,2023-09-15
954,3,Hired,4,2023-09-15
955,2,Applied,0,2024-04-16
956,5,Applied,0,2023-05-05
956,5,Screened,1,2023-05-05
956,5,Interviewed,2,2023-05-05
956,5,Offered,3,2023-05-05
957,2,Applied,0,2024-02-07
957,2,Screened,1,2024-02-07
957,2,Interviewed,2,2024-02-07
958,6,Applied,0,2024-10-09
958,6,Screened,1,2024-10-09
959,5,Applied,0,2024-07-31
959,5,Screened,1,2024-07-31
959,5,Interviewed,2,2024-07-31
960,2,Applied,0,2024-01-13
960,2,Screened,1,2024-01-13
960,2,Interviewed,2,2024-01-13
961,6,Applied,0,2023-02-06
962,4,Applied,0,2024-12-19
962,4,Screened,1,2024-12-19
962,4,Interviewed,2,2024-12-19
962,4,Offered,3,2024-12-19
963,5,Applied,0,2024-03-21
963,5,Screened,1,2024-03-21
964,4,Applied,0,2024-11-29
964,4,Screened,1,2024-11-29
964,4,Interviewed,2,2024-11-29
965,6,Applied,0,2023-10-04
965,6,Screened,1,2023-10-04
966,2,Applied,0,2024-11-13
966,2,Screened,1,2024-11-13
967,6,Applied,0,2023-06-21
967,6,Screened,1,2023-06-21
968,6,Applied,0,2024-11-20
968,6,Screened,1,2024-11-20
969,5,Applied,0,2024-07-25
969,5,Screened,1,2024-07-25
969,5,Interviewed,2,2024-07-25
970,3,Applied,0,2023-05-27
970,3,Screened,1,2023-05-27
971,3,Applied,0,2024-10-20
971,3,Screened,1,2024-10-20
971,3,Interviewed,2,2024-10-20
972,5,Applied,0,2024-10-11
972,5,Screened,1,2024-10-11
972,5,Interviewed,2,2024-10-11
973,6,Applied,0,2023-11-23
974,5,Applied,0,2024-12-08
974,5,Screened,1,2024-12-08
975,2,Applied,0,2024-01-31
976,2,Applied,0,2024-04-29
976,2,Screened,1,2024-04-29
976,2,Interviewed,2,2024-04-29
977,6,Applied,0,2023-12-21
977,6,Screened,1,2023-12-21
977,6,Interviewed,2,2023-12-21
977,6,Offered,3,2023-12-21
978,6,Applied,0,2023-04-30
978,6,Screened,1,2023-04-30
978,6,Interviewed,2,2023-04-30
979,4,Applied,0,2024-11-16
979,4,Screened,1,2024-11-16
979,4,Interviewed,2,2024-11-16
979,4,Offered,3,2024-11-16
980,5,Applied,0,2023-06-06
980,5,Screened,1,2023-06-06
980,5,Interviewed,2,2023-06-06
981,5,Applied,0,2023-02-06
981,5,Screened,1,2023-02-06
982,2,Applied,0,2024-03-29
983,4,Applied,0,2024-01-06
983,4,Screened,1,2024-01-06
984,1,Applied,0,2024-06-23
985,6,Applied,0,2023-08-25
985,6,Screened,1,2023-08-25
986,4,Applied,0,2023-03-04
986,4,Screened,1,2023-03-04
987,4,Applied,0,2023-03-06
987,4,Screened,1,2023-03-06
987,4,Interviewed,2,2023-03-06
987,4,Offered,3,2023-03-06
988,2,Applied,0,2024-11-20
988,2,Screened,1,2024-11-20
989,1,Applied,0,2024-04-13
989,1,Screened,1,2024-04-13
990,2,Applied,0,2023-09-08
990,2,Screened,1,2023-09-08
991,1,Applied,0,2024-01-18
991,1,Screened,1,2024-01-18
991,1,Interviewed,2,2024-01-18
992,6,Applied,0,2023-07-26
992,6,Screened,1,2023-07-26
993,1,Applied,0,2024-11-28
993,1,Screened,1,2024-11-28
993,1,Interviewed,2,2024-11-28
993,1,Offered,3,2024-11-28
993,1,Hired,4,2024-11-28
994,2,Applied,0,2024-04-04
995,1,Applied,0,2024-10-17
995,1,Screened,1,2024-10-17
995,1,Interviewed,2,2024-10-17
995,1,Offered,3,2024-10-17
995,1,Hired,4,2024-10-17
996,2,Applied,0,2024-05-25
996,2,Screened,1,2024-05-25
996,2,Interviewed,2,2024-05-25
997,6,Applied,0,2023-03-11
998,1,Applied,0,2024-09-24
999,1,Applied,0,2024-06-06
999,1,Screened,1,2024-06-06
1000,5,Applied,0,2024-12-08
1001,6,Applied,0,2024-03-07
1001,6,Screened,1,2024-03-07
1001,6,Interviewed,2,2024-03-07
1001,6,Offered,3,2024-03-07
1002,2,Applied,0,2024-06-22
1003,3,Applied,0,2023-12-07
1003,3,Screened,1,2023-12-07
1003,3,Interviewed,2,2023-12-07
1004,6,Applied,0,2023-04-04
1004,6,Screened,1,2023-04-04
1005,1,Applied,0,2023-09-01
1006,3,Applied,0,2024-04-30
1007,1,Applied,0,2024-10-31
1008,3,Applied,0,2023-01-16
1008,3,Screened,1,2023-01-16
1008,3,Interviewed,2,2023-01-16
1008,3,Offered,3,2023-01-16
1009,4,Applied,0,2023-01-02
1010,6,Applied,0,2023-05-18
1010,6,Screened,1,2023-05-18
1010,6,Interviewed,2,2023-05-18
1010,6,Offered,3,2023-05-18
1010,6,Hired,4,2023-05-18
1011,3,Applied,0,2024-12-01
1011,3,Screened,1,2024-12-01
1011,3,Interviewed,2,2024-12-01
1012,2,Applied,0,2023-04-17
1013,5,Applied,0,2024-10-19
1014,3,Applied,0,2024-09-06
1014,3,Screened,1,2024-09-06
1014,3,Interviewed,2,2024-09-06
1015,5,Applied,0,2023-07-18
1015,5,Screened,1,2023-07-18
1016,2,Applied,0,2023-08-08
1016,2,Screened,1,2023-08-08
1016,2,Interviewed,2,2023-08-08
1017,5,Applied,0,2024-03-01
1017,5,Screened,1,2024-03-01
1017,5,Interviewed,2,2024-03-01
1018,6,Applied,0,2024-07-13
1019,6,Applied,0,2023-03-31
1020,5,Applied,0,2023-06-01
1020,5,Screened,1,2023-06-01
1021,4,Applied,0,2024-08-20
1021,4,Screened,1,2024-08-20
1022,2,Applied,0,2023-05-18
1022,2,Screened,1,2023-05-18
1022,2,Interviewed,2,2023-05-18
1023,3,Applied,0,2024-04-26
1024,4,Applied,0,2024-03-08
1024,4,Screened,1,2024-03-08
1025,1,Applied,0,2023-03-27
1025,1,Screened,1,2023-03-27
1025,1,Interviewed,2,2023-03-27
1026,3,Applied,0,2024-09-16
1027,6,Applied,0,2023-05-27
1027,6,Screened,1,2023-05-27
1027,6,Interviewed,2,2023-05-27
1027,6,Offered,3,2023-05-27
1027,6,Hired,4,2023-05-27
1028,1,Applied,0,2023-04-13
1029,3,Applied,0,2023-12-04
1030,5,Applied,0,2023-01-08
1031,4,Applied,0,2023-05-03
1032,3,Applied,0,2023-07-20
1033,1,Applied,0,2023-03-13
1034,4,Applied,0,2023-01-29
1035,6,Applied,0,2024-10-02
1035,6,Screened,1,2024-10-02
1036,1,Applied,0,2024-11-14
1036,1,Screened,1,2024-11-14
1037,5,Applied,0,2023-09-27
1038,5,Applied,0,2023-11-17
1038,5,Screened,1,2023-11-17
1039,5,Applied,0,2023-03-04
1039,5,Screened,1,2023-03-04
1039,5,Interviewed,2,2023-03-04
1040,4,Applied,0,2024-05-14
1040,4,Screened,1,2024-05-14
1040,4,Interviewed,2,2024-05-14
1041,3,Applied,0,2023-09-11
1042,2,Applied,0,2024-04-08
1043,6,Applied,0,2024-12-25
1043,6,Screened,1,2024-12-25
1043,6,Interviewed,2,2024-12-25
1044,4,Applied,0,2024-02-01
1044,4,Screened,1,2024-02-01
1045,2,Applied,0,2023-06-08
1046,6,Applied,0,2023-12-07
1046,6,Screened,1,2023-12-07
1047,3,Applied,0,2023-08-15
1047,3,Screened,1,2023-08-15
1048,1,Applied,0,2024-11-27
1048,1,Screened,1,2024-11-27
1049,2,Applied,0,2023-07-13
1049,2,Screened,1,2023-07-13
1049,2,Interviewed,2,2023-07-13
1050,2,Applied,0,2024-08-07
1050,2,Screened,1,2024-08-07
1050,2,Interviewed,2,2024-08-07
1051,4,Applied,0,2023-07-21
1052,1,Applied,0,2024-07-23
1053,2,Applied,0,2023-06-04
1054,6,Applied,0,2023-08-28
1055,2,Applied,0,2023-10-09
1055,2,Screened,1,2023-10-09
1055,2,Interviewed,2,2023-10-09
1055,2,Offered,3,2023-10-09
1055,2,Hired,4,2023-10-09
1056,1,Applied,0,2023-01-13
1057,5,Applied,0,2024-07-11
1057,5,Screened,1,2024-07-11
1058,1,Applied,0,2024-10-29
1059,5,Applied,0,2024-02-03
1059,5,Screened,1,2024-02-03
1060,3,Applied,0,2024-01-25
1060,3,Screened,1,2024-01-25
1060,3,Interviewed,2,2024-01-25
1061,3,Applied,0,2023-02-24
1061,3,Screened,1,2023-02-24
1062,1,Applied,0,2024-05-15
1062,1,Screened,1,2024-05-15
1062,1,Interviewed,2,2024-05-15
1063,1,Applied,0,2024-08-07
1063,1,Screened,1,2024-08-07
1063,1,Interviewed,2,2024-08-07
1063,1,Offered,3,2024-08-07
1064,6,Applied,0,2024-10-19
1065,1,Applied,0,2023-09-25
1065,1,Screened,1,2023-09-25
1066,1,Applied,0,2023-07-30
1066,1,Screened,1,2023-07-30
1066,1,Interviewed,2,2023-07-30
1067,4,Applied,0,2024-03-01
1067,4,Screened,1,2024-03-01
1067,4,Interviewed,2,2024-03-01
1067,4,Offered,3,2024-03-01
1067,4,Hired,4,2024-03-01
1068,2,Applied,0,2023-05-10
1068,2,Screened,1,2023-05-10
1069,4,Applied,0,2024-07-28
1069,4,Screened,1,2024-07-28
1070,1,Applied,0,2024-10-22
1071,6,Applied,0,2023-12-06
1072,4,Applied,0,2023-03-14
1073,3,Applied,0,2024-04-07
1073,3,Screened,1,2024-04-07
1074,2,Applied,0,2024-05-29
1074,2,Screened,1,2024-05-29
1075,5,Applied,0,2024-06-06
1076,3,Applied,0,2024-09-19
1076,3,Screened,1,2024-09-19
1077,2,Applied,0,2024-08-20
1077,2,Screened,1,2024-08-20
1077,2,Interviewed,2,2024-08-20
1078,5,Applied,0,2023-12-11
1079,3,Applied,0,2023-03-19
1079,3,Screened,1,2023-03-19
1079,3,Interviewed,2,2023-03-19
1080,5,Applied,0,2024-08-23
1080,5,Screened,1,2024-08-23
1080,5,Interviewed,2,2024-08-23
1080,5,Offered,3,2024-08-23
1081,5,Applied,0,2023-11-14
1081,5,Screened,1,2023-11-14
1082,2,Applied,0,2023-05-10
1082,2,Screened,1,2023-05-10
1082,2,Interviewed,2,2023-05-10
1082,2,Offered,3,2023-05-10
1083,1,Applied,0,2023-12-02
1083,1,Screened,1,2023-12-02
1083,1,Interviewed,2,2023-12-02
1084,1,Applied,0,2023-04-17
1084,1,Screened,1,2023-04-17
1085,1,Applied,0,2024-12-03
1085,1,Screened,1,2024-12-03
1085,1,Interviewed,2,2024-12-03
1086,6,Applied,0,2023-08-19
1087,5,Applied,0,2023-05-08
1087,5,Screened,1,2023-05-08
1087,5,Interviewed,2,2023-05-08
1087,5,Offered,3,2023-05-08
1087,5,Hired,4,2023-05-08
1088,4,Applied,0,2023-09-25
1088,4,Screened,1,2023-09-25
1088,4,Interviewed,2,2023-09-25
1088,4,Offered,3,2023-09-25
1088,4,Hired,4,2023-09-25
1089,6,Applied,0,2024-02-14
1090,2,Applied,0,2024-05-30
1091,1,Applied,0,2023-05-09
1091,1,Screened,1,2023-05-09
1091,1,Interviewed,2,2023-05-09
1092,3,Applied,0,2023-06-20
1092,3,Screened,1,2023-06-20
1093,4,Applied,0,2023-11-12
1093,4,Screened,1,2023-11-12
1094,6,Applied,0,2024-01-16
1094,6,Screened,1,2024-01-16
1094,6,Interviewed,2,2024-01-16
1094,6,Offered,3,2024-01-16
1094,6,Hired,4,2024-01-16
1095,5,Applied,0,2023-10-22
1095,5,Screened,1,2023-10-22
1096,1,Applied,0,2024-11-01
1097,5,Applied,0,2024-04-16
1097,5,Screened,1,2024-04-16
1097,5,Interviewed,2,2024-04-16
1097,5,Offered,3,2024-04-16
1097,5,Hired,4,2024-04-16
1098,6,Applied,0,2024-03-11
1099,5,Applied,0,2024-08-25
1100,6,Applied,0,2023-12-26
1100,6,Screened,1,2023-12-26
1101,3,Applied,0,2024-05-14
1101,3,Screened,1,2024-05-14
1101,3,Interviewed,2,2024-05-14
1101,3,Offered,3,2024-05-14
1101,3,Hired,4,2024-05-14
1102,1,Applied,0,2023-07-02
1102,1,Screened,1,2023-07-02
1102,1,Interviewed,2,2023-07-02
1102,1,Offered,3,2023-07-02
1102,1,Hired,4,2023-07-02
1103,6,Applied,0,2024-05-20
1104,1,Applied,0,2023-05-30
1104,1,Screened,1,2023-05-30
1104,1,Interviewed,2,2023-05-30
1105,6,Applied,0,2024-01-21
1105,6,Screened,1,2024-01-21
1105,6,Interviewed,2,2024-01-21
1105,6,Offered,3,2024-01-21
1106,1,Applied,0,2024-02-17
1106,1,Screened,1,2024-02-17
1106,1,Interviewed,2,2024-02-17
1107,2,Applied,0,2023-01-02
1107,2,Screened,1,2023-01-02
1107,2,Interviewed,2,2023-01-02
1107,2,Offered,3,2023-01-02
1108,3,Applied,0,2024-01-28
1108,3,Screened,1,2024-01-28
1108,3,Interviewed,2,2024-01-28
1108,3,Offered,3,2024-01-28
1109,2,Applied,0,2023-04-29
1109,2,Screened,1,2023-04-29
1110,6,Applied,0,2024-12-23
1110,6,Screened,1,2024-12-23
1111,4,Applied,0,2023-04-03
1111,4,Screened,1,2023-04-03
1112,1,Applied,0,2024-08-24
1112,1,Screened,1,2024-08-24
1113,5,Applied,0,2024-04-02
1113,5,Screened,1,2024-04-02
1113,5,Interviewed,2,2024-04-02
1113,5,Offered,3,2024-04-02
1113,5,Hired,4,2024-04-02
1114,2,Applied,0,2023-01-17
1114,2,Screened,1,2023-01-17
1115,1,Applied,0,2024-12-20
1115,1,Screened,1,2024-12-20
1116,1,Applied,0,2024-11-08
1116,1,Screened,1,2024-11-08
1116,1,Interviewed,2,2024-11-08
1116,1,Offered,3,2024-11-08
1116,1,Hired,4,2024-11-08
1117,5,Applied,0,2023-06-04
1118,4,Applied,0,2024-04-10
1118,4,Screened,1,2024-04-10
1118,4,Interviewed,2,2024-04-10
1119,3,Applied,0,2023-04-01
1119,3,Screened,1,2023-04-01
1120,6,Applied,0,2024-05-12
1120,6,Screened,1,2024-05-12
1120,6,Interviewed,2,2024-05-12
1121,6,Applied,0,2024-01-08
1121,6,Screened,1,2024-01-08
1121,6,Interviewed,2,2024-01-08
1121,6,Offered,3,2024-01-08
1121,6,Hired,4,2024-01-08
1122,4,Applied,0,2023-04-27
1122,4,Screened,1,2023-04-27
1123,3,Applied,0,2024-10-12
1123,3,Screened,1,2024-10-12
1124,3,Applied,0,2024-03-24
1124,3,Screened,1,2024-03-24
1124,3,Interviewed,2,2024-03-24
1124,3,Offered,3,2024-03-24
1124,3,Hired,4,2024-03-24
1125,4,Applied,0,2023-02-14
1125,4,Screened,1,2023-02-14
1126,3,Applied,0,2023-05-02
1127,2,Applied,0,2024-01-13
1127,2,Screened,1,2024-01-13
1128,2,Applied,0,2023-02-08
1129,3,Applied,0,2023-12-22
1130,6,Applied,0,2024-05-25
1130,6,Screened,1,2024-05-25
1130,6,Interviewed,2,2024-05-25
1131,6,Applied,0,2023-06-11
1132,4,Applied,0,2024-05-25
1132,4,Screened,1,2024-05-25
1133,6,Applied,0,2024-02-19
1133,6,Screened,1,2024-02-19
1133,6,Interviewed,2,2024-02-19
1133,6,Offered,3,2024-02-19
1134,4,Applied,0,2023-04-08
1135,5,Applied,0,2023-06-08
1135,5,Screened,1,2023-06-08
1135,5,Interviewed,2,2023-06-08
1135,5,Offered,3,2023-06-08
1135,5,Hired,4,2023-06-08
1136,3,Applied,0,2023-03-30
1136,3,Screened,1,2023-03-30
1136,3,Interviewed,2,2023-03-30
1136,3,Offered,3,2023-03-30
1137,1,Applied,0,2023-03-15
1137,1,Screened,1,2023-03-15
1138,2,Applied,0,2024-03-29
1139,5,Applied,0,2023-05-08
1140,3,Applied,0,2024-11-03
1141,5,Applied,0,2024-08-06
1141,5,Screened,1,2024-08-06
1141,5,Interviewed,2,2024-08-06
1142,3,Applied,0,2023-12-13
1142,3,Screened,1,2023-12-13
1143,6,Applied,0,2023-12-26
1144,3,Applied,0,2023-09-26
1145,3,Applied,0,2023-11-20
1145,3,Screened,1,2023-11-20
1145,3,Interviewed,2,2023-11-20
1146,2,Applied,0,2023-08-23
1146,2,Screened,1,2023-08-23
1147,1,Applied,0,2024-02-10
1147,1,Screened,1,2024-02-10
1147,1,Interviewed,2,2024-02-10
1148,6,Applied,0,2024-03-13
1148,6,Screened,1,2024-03-13
1148,6,Interviewed,2,2024-03-13
1148,6,Offered,3,2024-03-13
1149,2,Applied,0,2023-02-10
1149,2,Screened,1,2023-02-10
1149,2,Interviewed,2,2023-02-10
1149,2,Offered,3,2023-02-10
1150,6,Applied,0,2024-03-18
1151,5,Applied,0,2024-08-23
1151,5,Screened,1,2024-08-23
1151,5,Interviewed,2,2024-08-23
1151,5,Offered,3,2024-08-23
1151,5,Hired,4,2024-08-23
1152,5,Applied,0,2023-06-25
1153,1,Applied,0,2024-04-20
1154,2,Applied,0,2023-07-08
1154,2,Screened,1,2023-07-08
1154,2,Interviewed,2,2023-07-08
1155,4,Applied,0,2024-08-11
1156,5,Applied,0,2023-11-06
1156,5,Screened,1,2023-11-06
1156,5,Interviewed,2,2023-11-06
1156,5,Offered,3,2023-11-06
1157,6,Applied,0,2024-12-25
1157,6,Screened,1,2024-12-25
1157,6,Interviewed,2,2024-12-25
1157,6,Offered,3,2024-12-25
1157,6,Hired,4,2024-12-25
1158,4,Applied,0,2024-11-14
1158,4,Screened,1,2024-11-14
1158,4,Interviewed,2,2024-11-14
1159,6,Applied,0,2023-07-27
1159,6,Screened,1,2023-07-27
1159,6,Interviewed,2,2023-07-27
1159,6,Offered,3,2023-07-27
1160,4,Applied,0,2024-05-12
1160,4,Screened,1,2024-05-12
1160,4,Interviewed,2,2024-05-12
1160,4,Offered,3,2024-05-12
1160,4,Hired,4,2024-05-12
1161,5,Applied,0,2024-11-29
1161,5,Screened,1,2024-11-29
1161,5,Interviewed,2,2024-11-29
1162,6,Applied,0,2023-01-11
1162,6,Screened,1,2023-01-11
1163,1,Applied,0,2024-01-08
1164,5,Applied,0,2023-10-31
1164,5,Screened,1,2023-10-31
1165,2,Applied,0,2024-10-04
1166,4,Applied,0,2024-11-29
1166,4,Screened,1,2024-11-29
1166,4,Interviewed,2,2024-11-29
1167,1,Applied,0,2024-06-30
1167,1,Screened,1,2024-06-30
1167,1,Interviewed,2,2024-06-30
1167,1,Offered,3,2024-06-30
1168,2,Applied,0,2023-06-28
1168,2,Screened,1,2023-06-28
1168,2,Interviewed,2,2023-06-28
1168,2,Offered,3,2023-06-28
1169,6,Applied,0,2024-01-26
1169,6,Screened,1,2024-01-26
1169,6,Interviewed,2,2024-01-26
1169,6,Offered,3,2024-01-26
1170,6,Applied,0,2024-06-07
1170,6,Screened,1,2024-06-07
1170,6,Interviewed,2,2024-06-07
1171,6,Applied,0,2024-08-10
1172,3,Applied,0,2023-10-30
1172,3,Screened,1,2023-10-30
1172,3,Interviewed,2,2023-10-30
1173,4,Applied,0,2023-10-02
1174,4,Applied,0,2023-10-25
1175,6,Applied,0,2023-09-06
1175,6,Screened,1,2023-09-06
1175,6,Interviewed,2,2023-09-06
1175,6,Offered,3,2023-09-06
1176,6,Applied,0,2023-12-07
1177,1,Applied,0,2023-03-16
1178,1,Applied,0,2023-01-11
1178,1,Screened,1,2023-01-11
1178,1,Interviewed,2,2023-01-11
1178,1,Offered,3,2023-01-11
1179,5,Applied,0,2023-11-24
1179,5,Screened,1,2023-11-24
1180,6,Applied,0,2023-09-10
1181,1,Applied,0,2023-08-19
1182,1,Applied,0,2024-09-22
1182,1,Screened,1,2024-09-22
1183,4,Applied,0,2023-12-31
1183,4,Screened,1,2023-12-31
1183,4,Interviewed,2,2023-12-31
1184,2,Applied,0,2023-12-11
1184,2,Screened,1,2023-12-11
1184,2,Interviewed,2,2023-12-11
1185,2,Applied,0,2024-02-02
1186,3,Applied,0,2023-12-06
1186,3,Screened,1,2023-12-06
1187,6,Applied,0,2024-02-04
1188,5,Applied,0,2024-01-05
1188,5,Screened,1,2024-01-05
1188,5,Interviewed,2,2024-01-05
1189,6,Applied,0,2024-03-18
1190,1,Applied,0,2023-09-24
1190,1,Screened,1,2023-09-24
1190,1,Interviewed,2,2023-09-24
1190,1,Offered,3,2023-09-24
1190,1,Hired,4,2023-09-24
1191,2,Applied,0,2023-05-05
1192,1,Applied,0,2024-03-11
1192,1,Screened,1,2024-03-11
1193,1,Applied,0,2023-01-06
1194,3,Applied,0,2023-10-16
1195,6,Applied,0,2024-09-13
1196,4,Applied,0,2023-12-29
1196,4,Screened,1,2023-12-29
1196,4,Interviewed,2,2023-12-29
1197,5,Applied,0,2023-02-06
1197,5,Screened,1,2023-02-06
1197,5,Interviewed,2,2023-02-06
1198,3,Applied,0,2023-05-31
1198,3,Screened,1,2023-05-31
1199,2,Applied,0,2023-02-10
1199,2,Screened,1,2023-02-10
1199,2,Interviewed,2,2023-02-10
1199,2,Offered,3,2023-02-10
1200,2,Applied,0,2023-05-09
1201,5,Applied,0,2023-04-11
1201,5,Screened,1,2023-04-11
1201,5,Interviewed,2,2023-04-11
1202,1,Applied,0,2024-04-01
1203,6,Applied,0,2023-08-27
1203,6,Screened,1,2023-08-27
1203,6,Interviewed,2,2023-08-27
1203,6,Offered,3,2023-08-27
1204,4,Applied,0,2023-05-09
1205,2,Applied,0,2023-09-05
1206,1,Applied,0,2024-04-27
1207,5,Applied,0,2023-06-11
1208,4,Applied,0,2023-09-15
1209,3,Applied,0,2023-06-05
1209,3,Screened,1,2023-06-05
1210,1,Applied,0,2023-02-01
1210,1,Screened,1,2023-02-01
1210,1,Interviewed,2,2023-02-01
1210,1,Offered,3,2023-02-01
1210,1,Hired,4,2023-02-01
1211,3,Applied,0,2023-02-21
1211,3,Screened,1,2023-02-21
1211,3,Interviewed,2,2023-02-21
1212,3,Applied,0,2024-07-17
1213,2,Applied,0,2023-05-13
1214,6,Applied,0,2023-07-30
1214,6,Screened,1,2023-07-30
1215,3,Applied,0,2024-03-15
1215,3,Screened,1,2024-03-15
1216,1,Applied,0,2023-07-26
1216,1,Screened,1,2023-07-26
1216,1,Interviewed,2,2023-07-26
1217,6,Applied,0,2024-09-26
1217,6,Screened,1,2024-09-26
1218,6,Applied,0,2024-05-01
1219,4,Applied,0,2024-10-04
1220,3,Applied,0,2023-04-15
1220,3,Screened,1,2023-04-15
1221,4,Applied,0,2024-04-29
1221,4,Screened,1,2024-04-29
1222,3,Applied,0,2024-08-05
1223,6,Applied,0,2023-03-17
1224,1,Applied,0,2023-02-19
1225,3,Applied,0,2024-03-09
1225,3,Screened,1,2024-03-09
1225,3,Interviewed,2,2024-03-09
1226,2,Applied,0,2024-03-05
1226,2,Screened,1,2024-03-05
1227,5,Applied,0,2023-12-11
1228,1,Applied,0,2023-01-10
1229,1,Applied,0,2024-07-03
1230,3,Applied,0,2024-02-03
1231,1,Applied,0,2023-04-06
1232,5,Applied,0,2024-01-13
1232,5,Screened,1,2024-01-13
1232,5,Interviewed,2,2024-01-13
1232,5,Offered,3,2024-01-13
1233,5,Applied,0,2024-12-20
1233,5,Screened,1,2024-12-20
1234,4,Applied,0,2024-11-04
1234,4,Screened,1,2024-11-04
1235,5,Applied,0,2023-08-21
1235,5,Screened,1,2023-08-21
1236,4,Applied,0,2023-02-08
1236,4,Screened,1,2023-02-08
1236,4,Interviewed,2,2023-02-08
1237,1,Applied,0,2024-05-30
1237,1,Screened,1,2024-05-30
1238,3,Applied,0,2023-09-01
1238,3,Screened,1,2023-09-01
1238,3,Interviewed,2,2023-09-01
1239,1,Applied,0,2024-07-11
1239,1,Screened,1,2024-07-11
1239,1,Interviewed,2,2024-07-11
1240,1,Applied,0,2024-05-20
1240,1,Screened,1,2024-05-20
1240,1,Interviewed,2,2024-05-20
1240,1,Offered,3,2024-05-20
1241,6,Applied,0,2023-07-01
1242,2,Applied,0,2024-04-21
1242,2,Screened,1,2024-04-21
1242,2,Interviewed,2,2024-04-21
1243,6,Applied,0,2023-12-07
1243,6,Screened,1,2023-12-07
1243,6,Interviewed,2,2023-12-07
1243,6,Offered,3,2023-12-07
1243,6,Hired,4,2023-12-07
1244,2,Applied,0,2023-02-15
1245,1,Applied,0,2023-11-27
1245,1,Screened,1,2023-11-27
1246,5,Applied,0,2024-04-19
1246,5,Screened,1,2024-04-19
1246,5,Interviewed,2,2024-04-19
1247,6,Applied,0,2023-09-24
1247,6,Screened,1,2023-09-24
1248,4,Applied,0,2023-11-14
1249,4,Applied,0,2023-08-16
1249,4,Screened,1,2023-08-16
1250,5,Applied,0,2024-09-09
1250,5,Screened,1,2024-09-09
1251,1,Applied,0,2024-01-18
1251,1,Screened,1,2024-01-18
1251,1,Interviewed,2,2024-01-18
1252,5,Applied,0,2024-12-29
1252,5,Screened,1,2024-12-29
1252,5,Interviewed,2,2024-12-29
1252,5,Offered,3,2024-12-29
1252,5,Hired,4,2024-12-29
1253,4,Applied,0,2024-12-26
1253,4,Screened,1,2024-12-26
1254,5,Applied,0,2024-10-20
1254,5,Screened,1,2024-10-20
1254,5,Interviewed,2,2024-10-20
1255,2,Applied,0,2023-09-08
1255,2,Screened,1,2023-09-08
1256,2,Applied,0,2023-01-17
1256,2,Screened,1,2023-01-17
1256,2,Interviewed,2,2023-01-17
1256,2,Offered,3,2023-01-17
1257,1,Applied,0,2024-01-24
1258,2,Applied,0,2024-08-17
1259,6,Applied,0,2023-02-24
1260,1,Applied,0,2023-01-20
1260,1,Screened,1,2023-01-20
1260,1,Interviewed,2,2023-01-20
1260,1,Offered,3,2023-01-20
1261,6,Applied,0,2024-03-18
1261,6,Screened,1,2024-03-18
1261,6,Interviewed,2,2024-03-18
1261,6,Offered,3,2024-03-18
1261,6,Hired,4,2024-03-18
1262,5,Applied,0,2024-12-31
1263,6,Applied,0,2024-10-01
1264,4,Applied,0,2023-08-09
1264,4,Screened,1,2023-08-09
1265,4,Applied,0,2024-05-28
1265,4,Screened,1,2024-05-28
1266,4,Applied,0,2024-04-03
1267,2,Applied,0,2024-10-04
1268,1,Applied,0,2024-01-17
1269,1,Applied,0,2023-12-23
1270,4,Applied,0,2024-02-18
1271,1,Applied,0,2024-08-23
1271,1,Screened,1,2024-08-23
1271,1,Interviewed,2,2024-08-23
1271,1,Offered,3,2024-08-23
1272,4,Applied,0,2023-08-07
1273,4,Applied,0,2023-07-20
1273,4,Screened,1,2023-07-20
1274,6,Applied,0,2023-08-09
1274,6,Screened,1,2023-08-09
1275,6,Applied,0,2023-08-13
1275,6,Screened,1,2023-08-13
1275,6,Interviewed,2,2023-08-13
1276,4,Applied,0,2023-12-17
1277,3,Applied,0,2023-06-30
1277,3,Screened,1,2023-06-30
1277,3,Interviewed,2,2023-06-30
1278,4,Applied,0,2023-07-11
1278,4,Screened,1,2023-07-11
1278,4,Interviewed,2,2023-07-11
1279,6,Applied,0,2024-03-23
1279,6,Screened,1,2024-03-23
1279,6,Interviewed,2,2024-03-23
1279,6,Offered,3,2024-03-23
1280,1,Applied,0,2023-05-24
1280,1,Screened,1,2023-05-24
1280,1,Interviewed,2,2023-05-24
1281,4,Applied,0,2024-05-26
1281,4,Screened,1,2024-05-26
1281,4,Interviewed,2,2024-05-26
1281,4,Offered,3,2024-05-26
1281,4,Hired,4,2024-05-26
1282,5,Applied,0,2024-02-19
1282,5,Screened,1,2024-02-19
1283,6,Applied,0,2023-04-04
1283,6,Screened,1,2023-04-04
1284,3,Applied,0,2024-08-14
1284,3,Screened,1,2024-08-14
1284,3,Interviewed,2,2024-08-14
1284,3,Offered,3,2024-08-14
1284,3,Hired,4,2024-08-14
1285,6,Applied,0,2024-10-31
1285,6,Screened,1,2024-10-31
1285,6,Interviewed,2,2024-10-31
1285,6,Offered,3,2024-10-31
1285,6,Hired,4,2024-10-31
1286,2,Applied,0,2023-02-12
1286,2,Screened,1,2023-02-12
1286,2,Interviewed,2,2023-02-12
1286,2,Offered,3,2023-02-12
1287,4,Applied,0,2023-01-02
1287,4,Screened,1,2023-01-02
1288,3,Applied,0,2023-11-09
1288,3,Screened,1,2023-11-09
1288,3,Interviewed,2,2023-11-09
1289,1,Applied,0,2024-10-22
1289,1,Screened,1,2024-10-22
1290,6,Applied,0,2024-07-01
1291,6,Applied,0,2024-04-27
1292,1,Applied,0,2024-01-08
1292,1,Screened,1,2024-01-08
1292,1,Interviewed,2,2024-01-08
1293,3,Applied,0,2024-09-27
1294,2,Applied,0,2024-08-08
1295,3,Applied,0,2023-04-08
1295,3,Screened,1,2023-04-08
1295,3,Interviewed,2,2023-04-08
1295,3,Offered,3,2023-04-08
1296,6,Applied,0,2023-07-14
1297,6,Applied,0,2023-12-30
1298,5,Applied,0,2023-10-26
1299,3,Applied,0,2023-11-24
1299,3,Screened,1,2023-11-24
1300,5,Applied,0,2023-03-29
1300,5,Screened,1,2023-03-29
1300,5,Interviewed,2,2023-03-29
1301,6,Applied,0,2023-11-07
1301,6,Screened,1,2023-11-07
1302,1,Applied,0,2024-11-05
1303,4,Applied,0,2024-04-30
1304,4,Applied,0,2023-07-12
1304,4,Screened,1,2023-07-12
1304,4,Interviewed,2,2023-07-12
1305,1,Applied,0,2024-06-07
1305,1,Screened,1,2024-06-07
1306,1,Applied,0,2024-01-03
1306,1,Screened,1,2024-01-03
1306,1,Interviewed,2,2024-01-03
1306,1,Offered,3,2024-01-03
1306,1,Hired,4,2024-01-03
1307,6,Applied,0,2024-01-08
1307,6,Screened,1,2024-01-08
1308,6,Applied,0,2023-08-13
1309,5,Applied,0,2023-05-22
1309,5,Screened,1,2023-05-22
1310,1,Applied,0,2024-11-12
1310,1,Screened,1,2024-11-12
1310,1,Interviewed,2,2024-11-12
1310,1,Offered,3,2024-11-12
1311,5,Applied,0,2023-04-11
1312,4,Applied,0,2023-01-24
1312,4,Screened,1,2023-01-24
1313,1,Applied,0,2023-04-22
1313,1,Screened,1,2023-04-22
1314,2,Applied,0,2023-04-29
1315,3,Applied,0,2024-12-10
1316,4,Applied,0,2024-02-14
1316,4,Screened,1,2024-02-14
1317,3,Applied,0,2024-04-05
1318,3,Applied,0,2024-04-01
1318,3,Screened,1,2024-04-01
1318,3,Interviewed,2,2024-04-01
1319,1,Applied,0,2023-01-19
1320,6,Applied,0,2024-03-29
1321,6,Applied,0,2023-11-30
1322,2,Applied,0,2023-12-07
1323,4,Applied,0,2024-01-29
1324,6,Applied,0,2023-10-21
1325,5,Applied,0,2023-06-17
1325,5,Screened,1,2023-06-17
1325,5,Interviewed,2,2023-06-17
1325,5,Offered,3,2023-06-17
1326,4,Applied,0,2023-10-30
1326,4,Screened,1,2023-10-30
1327,1,Applied,0,2024-01-03
1327,1,Screened,1,2024-01-03
1328,3,Applied,0,2024-08-14
1329,1,Applied,0,2024-07-22
1329,1,Screened,1,2024-07-22
1330,1,Applied,0,2023-05-19
1331,4,Applied,0,2024-01-30
1331,4,Screened,1,2024-01-30
1332,4,Applied,0,2023-08-08
1332,4,Screened,1,2023-08-08
1332,4,Interviewed,2,2023-08-08
1333,6,Applied,0,2023-06-29
1333,6,Screened,1,2023-06-29
1333,6,Interviewed,2,2023-06-29
1334,1,Applied,0,2023-02-15
1335,5,Applied,0,2024-01-24
1336,5,Applied,0,2024-09-17
1336,5,Screened,1,2024-09-17
1336,5,Interviewed,2,2024-09-17
1337,6,Applied,0,2023-07-14
1337,6,Screened,1,2023-07-14
1337,6,Interviewed,2,2023-07-14
1338,6,Applied,0,2023-02-04
1338,6,Screened,1,2023-02-04
1338,6,Interviewed,2,2023-02-04
1339,5,Applied,0,2023-07-19
1339,5,Screened,1,2023-07-19
1339,5,Interviewed,2,2023-07-19
1339,5,Offered,3,2023-07-19
1340,6,Applied,0,2023-02-14
1340,6,Screened,1,2023-02-14
1341,6,Applied,0,2023-06-09
1341,6,Screened,1,2023-06-09
1341,6,Interviewed,2,2023-06-09
1342,4,Applied,0,2023-11-25
1342,4,Screened,1,2023-11-25
1342,4,Interviewed,2,2023-11-25
1343,1,Applied,0,2024-06-25
1343,1,Screened,1,2024-06-25
1343,1,Interviewed,2,2024-06-25
1344,1,Applied,0,2024-10-15
1345,5,Applied,0,2024-03-02
1346,6,Applied,0,2024-11-04
1347,2,Applied,0,2024-10-26
1348,2,Applied,0,2023-04-13
1349,5,Applied,0,2024-12-17
1349,5,Screened,1,2024-12-17
1350,5,Applied,0,2024-04-06
1351,6,Applied,0,2023-11-27
1351,6,Screened,1,2023-11-27
1352,3,Applied,0,2023-01-19
1352,3,Screened,1,2023-01-19
1352,3,Interviewed,2,2023-01-19
1352,3,Offered,3,2023-01-19
1353,6,Applied,0,2023-10-14
1353,6,Screened,1,2023-10-14
1354,1,Applied,0,2024-01-21
1354,1,Screened,1,2024-01-21
1355,4,Applied,0,2024-02-23
1355,4,Screened,1,2024-02-23
1355,4,Interviewed,2,2024-02-23
1356,1,Applied,0,2023-04-14
1357,5,Applied,0,2023-05-23
1358,6,Applied,0,2023-09-24
1359,5,Applied,0,2024-04-04
1359,5,Screened,1,2024-04-04
1359,5,Interviewed,2,2024-04-04
1359,5,Offered,3,2024-04-04
1359,5,Hired,4,2024-04-04
1360,6,Applied,0,2024-02-28
1361,5,Applied,0,2024-10-26
1361,5,Screened,1,2024-10-26
1361,5,Interviewed,2,2024-10-26
1361,5,Offered,3,2024-10-26
1362,1,Applied,0,2024-02-11
1362,1,Screened,1,2024-02-11
1363,6,Applied,0,2023-04-06
1364,3,Applied,0,2024-04-11
1364,3,Screened,1,2024-04-11
1364,3,Interviewed,2,2024-04-11
1365,4,Applied,0,2023-01-25
1365,4,Screened,1,2023-01-25
1365,4,Interviewed,2,2023-01-25
1366,6,Applied,0,2023-08-07
1367,5,Applied,0,2024-08-23
1367,5,Screened,1,2024-08-23
1368,4,Applied,0,2023-10-02
1368,4,Screened,1,2023-10-02
1368,4,Interviewed,2,2023-10-02
1368,4,Offered,3,2023-10-02
1369,5,Applied,0,2024-10-04
1369,5,Screened,1,2024-10-04
1369,5,Interviewed,2,2024-10-04
1369,5,Offered,3,2024-10-04
1370,4,Applied,0,2023-05-12
1370,4,Screened,1,2023-05-12
1370,4,Interviewed,2,2023-05-12
1370,4,Offered,3,2023-05-12
1370,4,Hired,4,2023-05-12
1371,2,Applied,0,2024-10-05
1372,3,Applied,0,2024-12-12
1373,4,Applied,0,2024-09-26
1374,1,Applied,0,2024-10-24
1374,1,Screened,1,2024-10-24
1375,4,Applied,0,2024-09-06
1375,4,Screened,1,2024-09-06
1375,4,Interviewed,2,2024-09-06
1375,4,Offered,3,2024-09-06
1376,2,Applied,0,2024-12-02
1376,2,Screened,1,2024-12-02
1376,2,Interviewed,2,2024-12-02
1377,3,Applied,0,2024-03-25
1377,3,Screened,1,2024-03-25
1377,3,Interviewed,2,2024-03-25
1377,3,Offered,3,2024-03-25
1378,1,Applied,0,2023-12-30
1378,1,Screened,1,2023-12-30
1379,4,Applied,0,2023-11-15
1379,4,Screened,1,2023-11-15
1379,4,Interviewed,2,2023-11-15
1380,2,Applied,0,2024-08-27
1380,2,Screened,1,2024-08-27
1381,1,Applied,0,2024-07-01
1382,3,Applied,0,2024-11-16
1383,5,Applied,0,2023-12-05
1383,5,Screened,1,2023-12-05
1384,2,Applied,0,2024-03-17
1385,1,Applied,0,2023-03-20
1386,2,Applied,0,2024-07-04
1387,4,Applied,0,2024-02-14
1387,4,Screened,1,2024-02-14
1387,4,Interviewed,2,2024-02-14
1387,4,Offered,3,2024-02-14
1387,4,Hired,4,2024-02-14
1388,3,Applied,0,2024-09-03
1388,3,Screened,1,2024-09-03
1388,3,Interviewed,2,2024-09-03
1389,5,Applied,0,2023-07-16
1390,4,Applied,0,2024-11-08
1390,4,Screened,1,2024-11-08
1391,2,Applied,0,2024-11-16
1391,2,Screened,1,2024-11-16
1392,2,Applied,0,2024-03-05
1393,3,Applied,0,2024-12-11
1393,3,Screened,1,2024-12-11
1393,3,Interviewed,2,2024-12-11
1394,5,Applied,0,2024-09-07
1394,5,Screened,1,2024-09-07
1395,4,Applied,0,2023-05-16
1395,4,Screened,1,2023-05-16
1395,4,Interviewed,2,2023-05-16
1395,4,Offered,3,2023-05-16
1395,4,Hired,4,2023-05-16
1396,1,Applied,0,2024-04-12
1396,1,Screened,1,2024-04-12
1396,1,Interviewed,2,2024-04-12
1397,3,Applied,0,2023-12-12
1398,1,Applied,0,2023-12-13
1398,1,Screened,1,2023-12-13
1399,4,Applied,0,2024-11-30
1400,4,Applied,0,2023-04-17
1401,6,Applied,0,2024-06-23
1402,4,Applied,0,2024-11-18
1403,1,Applied,0,2023-07-01
1403,1,Screened,1,2023-07-01
1403,1,Interviewed,2,2023-07-01
1404,3,Applied,0,2024-06-20
1404,3,Screened,1,2024-06-20
1404,3,Interviewed,2,2024-06-20
1404,3,Offered,3,2024-06-20
1405,4,Applied,0,2024-07-26
1406,5,Applied,0,2024-01-14
1407,5,Applied,0,2023-03-27
1407,5,Screened,1,2023-03-27
1407,5,Interviewed,2,2023-03-27
1407,5,Offered,3,2023-03-27
1407,5,Hired,4,2023-03-27
1408,4,Applied,0,2024-08-09
1408,4,Screened,1,2024-08-09
1408,4,Interviewed,2,2024-08-09
1409,4,Applied,0,2024-03-03
1410,4,Applied,0,2024-04-10
1410,4,Screened,1,2024-04-10
1411,2,Applied,0,2023-10-19
1411,2,Screened,1,2023-10-19
1411,2,Interviewed,2,2023-10-19
1412,6,Applied,0,2023-11-25
1412,6,Screened,1,2023-11-25
1412,6,Interviewed,2,2023-11-25
1412,6,Offered,3,2023-11-25
1413,3,Applied,0,2024-10-25
1413,3,Screened,1,2024-10-25
1413,3,Interviewed,2,2024-10-25
1413,3,Offered,3,2024-10-25
1413,3,Hired,4,2024-10-25
1414,2,Applied,0,2024-08-12
1414,2,Screened,1,2024-08-12
1414,2,Interviewed,2,2024-08-12
1414,2,Offered,3,2024-08-12
1415,1,Applied,0,2023-12-16
1416,6,Applied,0,2024-07-28
1416,6,Screened,1,2024-07-28
1417,2,Applied,0,2024-07-22
1417,2,Screened,1,2024-07-22
1417,2,Interviewed,2,2024-07-22
1417,2,Offered,3,2024-07-22
1418,6,Applied,0,2024-07-17
1419,5,Applied,0,2023-11-19
1420,6,Applied,0,2023-05-01
1420,6,Screened,1,2023-05-01
1420,6,Interviewed,2,2023-05-01
1421,6,Applied,0,2023-02-07
1421,6,Screened,1,2023-02-07
1422,2,Applied,0,2023-11-06
1422,2,Screened,1,2023-11-06
1422,2,Interviewed,2,2023-11-06
1422,2,Offered,3,2023-11-06
1422,2,Hired,4,2023-11-06
1423,2,Applied,0,2023-11-28
1424,4,Applied,0,2023-08-12
1425,4,Applied,0,2023-10-19
1426,4,Applied,0,2024-08-08
1426,4,Screened,1,2024-08-08
1426,4,Interviewed,2,2024-08-08
1426,4,Offered,3,2024-08-08
1427,3,Applied,0,2023-06-11
1427,3,Screened,1,2023-06-11
1427,3,Interviewed,2,2023-06-11
1427,3,Offered,3,2023-06-11
1428,1,Applied,0,2024-01-08
1428,1,Screened,1,2024-01-08
1428,1,Interviewed,2,2024-01-08
1429,5,Applied,0,2023-11-13
1429,5,Screened,1,2023-11-13
1429,5,Interviewed,2,2023-11-13
1430,1,Applied,0,2024-11-16
1430,1,Screened,1,2024-11-16
1431,6,Applied,0,2023-02-12
1431,6,Screened,1,2023-02-12
1431,6,Interviewed,2,2023-02-12
1431,6,Offered,3,2023-02-12
1431,6,Hired,4,2023-02-12
1432,6,Applied,0,2024-09-07
1432,6,Screened,1,2024-09-07
1432,6,Interviewed,2,2024-09-07
1432,6,Offered,3,2024-09-07
1433,6,Applied,0,2024-08-25
1433,6,Screened,1,2024-08-25
1434,5,Applied,0,2023-03-26
1435,1,Applied,0,2023-05-14
1436,2,Applied,0,2023-07-22
1437,5,Applied,0,2024-09-04
1437,5,Screened,1,2024-09-04
1437,5,Interviewed,2,2024-09-04
1437,5,Offered,3,2024-09-04
1437,5,Hired,4,2024-09-04
1438,5,Applied,0,2023-10-31
1438,5,Screened,1,2023-10-31
1438,5,Interviewed,2,2023-10-31
1439,3,Applied,0,2024-01-04
1439,3,Screened,1,2024-01-04
1440,5,Applied,0,2023-07-09
1440,5,Screened,1,2023-07-09
1440,5,Interviewed,2,2023-07-09
1440,5,Offered,3,2023-07-09
1441,4,Applied,0,2024-07-01
1442,6,Applied,0,2024-08-02
1442,6,Screened,1,2024-08-02
1442,6,Interviewed,2,2024-08-02
1443,1,Applied,0,2024-10-11
1443,1,Screened,1,2024-10-11
1443,1,Interviewed,2,2024-10-11
1444,5,Applied,0,2023-05-23
1444,5,Screened,1,2023-05-23
1444,5,Interviewed,2,2023-05-23
1445,1,Applied,0,2024-05-12
1445,1,Screened,1,2024-05-12
1446,5,Applied,0,2023-10-14
1446,5,Screened,1,2023-10-14
1447,1,Applied,0,2024-12-17
1448,1,Applied,0,2024-04-27
1448,1,Screened,1,2024-04-27
1449,5,Applied,0,2024-11-25
1449,5,Screened,1,2024-11-25
1449,5,Interviewed,2,2024-11-25
1450,3,Applied,0,2024-06-23
1450,3,Screened,1,2024-06-23
1450,3,Interviewed,2,2024-06-23
1450,3,Offered,3,2024-06-23
1450,3,Hired,4,2024-06-23
1451,6,Applied,0,2023-06-18
1452,1,Applied,0,2023-11-13
1452,1,Screened,1,2023-11-13
1452,1,Interviewed,2,2023-11-13
1453,3,Applied,0,2023-06-04
1454,5,Applied,0,2024-08-04
1454,5,Screened,1,2024-08-04
1455,1,Applied,0,2024-11-12
1455,1,Screened,1,2024-11-12
1455,1,Interviewed,2,2024-11-12
1455,1,Offered,3,2024-11-12
1456,5,Applied,0,2023-12-01
1456,5,Screened,1,2023-12-01
1456,5,Interviewed,2,2023-12-01
1456,5,Offered,3,2023-12-01
1456,5,Hired,4,2023-12-01
1457,4,Applied,0,2023-06-13
1457,4,Screened,1,2023-06-13
1457,4,Interviewed,2,2023-06-13
1458,2,Applied,0,2023-07-01
1459,4,Applied,0,2023-11-21
1459,4,Screened,1,2023-11-21
1460,2,Applied,0,2024-09-22
1460,2,Screened,1,2024-09-22
1460,2,Interviewed,2,2024-09-22
1461,2,Applied,0,2023-10-25
1461,2,Screened,1,2023-10-25
1462,6,Applied,0,2023-11-18
1462,6,Screened,1,2023-11-18
1463,3,Applied,0,2023-11-21
1463,3,Screened,1,2023-11-21
1463,3,Interviewed,2,2023-11-21
1463,3,Offered,3,2023-11-21
1464,1,Applied,0,2023-05-29
1464,1,Screened,1,2023-05-29
1465,5,Applied,0,2023-10-10
1465,5,Screened,1,2023-10-10
1466,3,Applied,0,2024-07-25
1467,4,Applied,0,2024-09-15
1467,4,Screened,1,2024-09-15
1468,2,Applied,0,2024-07-21
1468,2,Screened,1,2024-07-21
1469,2,Applied,0,2024-08-23
1470,5,Applied,0,2024-02-03
1470,5,Screened,1,2024-02-03
1470,5,Interviewed,2,2024-02-03
1471,6,Applied,0,2023-06-23
1471,6,Screened,1,2023-06-23
1472,1,Applied,0,2024-02-12
1472,1,Screened,1,2024-02-12
1472,1,Interviewed,2,2024-02-12
1472,1,Offered,3,2024-02-12
1472,1,Hired,4,2024-02-12
1473,6,Applied,0,2024-01-02
1473,6,Screened,1,2024-01-02
1473,6,Interviewed,2,2024-01-02
1474,1,Applied,0,2024-12-18
1475,4,Applied,0,2024-08-22
1476,2,Applied,0,2024-11-15
1477,2,Applied,0,2023-02-18
1477,2,Screened,1,2023-02-18
1478,3,Applied,0,2023-11-28
1478,3,Screened,1,2023-11-28
1478,3,Interviewed,2,2023-11-28
1478,3,Offered,3,2023-11-28
1479,6,Applied,0,2024-04-24
1480,5,Applied,0,2023-07-04
1480,5,Screened,1,2023-07-04
1481,4,Applied,0,2023-09-22
1481,4,Screened,1,2023-09-22
1482,4,Applied,0,2024-08-11
1482,4,Screened,1,2024-08-11
1482,4,Interviewed,2,2024-08-11
1483,5,Applied,0,2023-12-24
1483,5,Screened,1,2023-12-24
1483,5,Interviewed,2,2023-12-24
1484,3,Applied,0,2023-12-13
1484,3,Screened,1,2023-12-13
1485,2,Applied,0,2023-06-26
1485,2,Screened,1,2023-06-26
1485,2,Interviewed,2,2023-06-26
1486,3,Applied,0,2024-01-28
1486,3,Screened,1,2024-01-28
1487,4,Applied,0,2023-11-03
1488,2,Applied,0,2024-10-17
1489,4,Applied,0,2024-04-24
1489,4,Screened,1,2024-04-24
1490,4,Applied,0,2023-07-01
1490,4,Screened,1,2023-07-01
1491,3,Applied,0,2023-03-01
1492,4,Applied,0,2024-04-04
1493,1,Applied,0,2024-12-31
1493,1,Screened,1,2024-12-31
1493,1,Interviewed,2,2024-12-31
1494,1,Applied,0,2023-05-06
1495,5,Applied,0,2023-02-10
1495,5,Screened,1,2023-02-10
1495,5,Interviewed,2,2023-02-10
1495,5,Offered,3,2023-02-10
1496,3,Applied,0,2024-09-07
1496,3,Screened,1,2024-09-07
1496,3,Interviewed,2,2024-09-07
1496,3,Offered,3,2024-09-07
1496,3,Hired,4,2024-09-07
1497,3,Applied,0,2024-09-26
1498,1,Applied,0,2024-06-07
1499,6,Applied,0,2023-01-14
1499,6,Screened,1,2023-01-14
1499,6,Interviewed,2,2023-01-14
1500,2,Applied,0,2024-02-28
1500,2,Screened,1,2024-02-28
