ProductID,ProductName,Category,SubCategory,SupplierID,UnitCost,UnitPrice,ReorderLevel
1,Tools Item 1,Hardware,Tools,6,51.19,90.05,82
2,Tools Item 2,Hardware,Tools,10,18.21,29.5,107
3,Tools Item 3,Hardware,Tools,10,146.43,247.05,38
4,Tools Item 4,Hardware,Tools,14,25.38,33.81,107
5,Tools Item 5,Hardware,Tools,16,32.09,49.33,191
6,Tools Item 6,Hardware,Tools,18,17.37,28.81,100
7,Tools Item 7,Hardware,Tools,12,69.34,116.18,168
8,Tools Item 8,Hardware,Tools,3,159.78,299.1,89
9,Tools Item 9,Hardware,Tools,22,95.87,120.03,199
10,Tools Item 10,Hardware,Tools,19,63.3,126.25,134
11,Tools Item 11,Hardware,Tools,13,58.35,111.43,108
12,Tools Item 12,Hardware,Tools,15,6.47,9.6,176
13,Tools Item 13,Hardware,Tools,2,25.18,34.61,93
14,Tools Item 14,Hardware,Tools,8,27.61,41.92,147
15,Tools Item 15,Hardware,Tools,15,17.96,27.32,91
16,Tools Item 16,Hardware,Tools,27,176.91,273.22,160
17,Fasteners Item 1,Hardware,Fasteners,14,57.13,113.64,194
18,Fasteners Item 2,Hardware,Fasteners,8,177.07,233.86,65
19,Fasteners Item 3,Hardware,Fasteners,22,31.96,44.32,144
20,Fasteners Item 4,Hardware,Fasteners,6,166.56,234.88,21
21,Fasteners Item 5,Hardware,Fasteners,18,30.84,46.12,164
22,Fasteners Item 6,Hardware,Fasteners,5,65.09,114.06,151
23,Fasteners Item 7,Hardware,Fasteners,21,190.14,331.03,33
24,Fasteners Item 8,Hardware,Fasteners,28,92.42,168.57,194
25,Fasteners Item 9,Hardware,Fasteners,13,159.98,242.92,120
26,Fasteners Item 10,Hardware,Fasteners,21,22.5,34.21,68
27,Fasteners Item 11,Hardware,Fasteners,7,15.33,23.8,48
28,Fasteners Item 12,Hardware,Fasteners,2,69.33,88.87,165
29,Fasteners Item 13,Hardware,Fasteners,4,31.95,62.6,177
30,Fasteners Item 14,Hardware,Fasteners,28,7.05,9.63,116
31,Fasteners Item 15,Hardware,Fasteners,9,31.41,61.7,174
32,Fasteners Item 16,Hardware,Fasteners,4,74.1,95.76,144
33,Electrical Item 1,Hardware,Electrical,15,198.63,314.69,99
34,Electrical Item 2,Hardware,Electrical,4,19.01,34.21,87
35,Electrical Item 3,Hardware,Electrical,23,96.77,128.62,25
36,Electrical Item 4,Hardware,Electrical,17,42.63,63.49,196
37,Electrical Item 5,Hardware,Electrical,1,109.55,197.9,96
38,Electrical Item 6,Hardware,Electrical,28,195.74,249.14,86
39,Electrical Item 7,Hardware,Electrical,30,104.64,139.55,77
40,Electrical Item 8,Hardware,Electrical,25,107.45,172.15,182
41,Electrical Item 9,Hardware,Electrical,26,46.16,84.51,69
42,Electrical Item 10,Hardware,Electrical,27,161.6,245.72,78
43,Electrical Item 11,Hardware,Electrical,16,41.58,61.72,27
44,Electrical Item 12,Hardware,Electrical,26,197.94,281.77,86
45,Electrical Item 13,Hardware,Electrical,20,40.34,79.28,134
46,Electrical Item 14,Hardware,Electrical,24,162.1,322.65,113
47,Electrical Item 15,Hardware,Electrical,4,17.95,24.8,70
48,Electrical Item 16,Hardware,Electrical,16,68.87,117.03,176
49,Paper Item 1,Office,Paper,16,168.41,324.59,108
50,Paper Item 2,Office,Paper,3,160.33,299.45,50
51,Paper Item 3,Office,Paper,26,182.14,322.24,71
52,Paper Item 4,Office,Paper,6,96.65,149.53,182
53,Paper Item 5,Office,Paper,26,67.84,132.76,121
54,Paper Item 6,Office,Paper,24,93.71,183.43,60
55,Paper Item 7,Office,Paper,5,35.66,43.58,171
56,Paper Item 8,Office,Paper,26,181.16,312.44,176
57,Paper Item 9,Office,Paper,16,165.65,285.88,109
58,Paper Item 10,Office,Paper,18,32.87,42.89,23
59,Paper Item 11,Office,Paper,24,160.27,275.62,154
60,Paper Item 12,Office,Paper,5,150.4,232.68,69
61,Paper Item 13,Office,Paper,7,165.58,202.4,74
62,Paper Item 14,Office,Paper,8,60.01,108.67,103
63,Paper Item 15,Office,Paper,14,53.35,99.62,35
64,Paper Item 16,Office,Paper,12,182.18,349.45,189
65,Furniture Item 1,Office,Furniture,29,117.5,189.58,148
66,Furniture Item 2,Office,Furniture,5,27.89,45.15,24
67,Furniture Item 3,Office,Furniture,25,174.82,235.39,21
68,Furniture Item 4,Office,Furniture,5,155.66,208.25,141
69,Furniture Item 5,Office,Furniture,4,124.58,204.96,103
70,Furniture Item 6,Office,Furniture,17,137.1,225.44,47
71,Furniture Item 7,Office,Furniture,2,176.88,247.42,90
72,Furniture Item 8,Office,Furniture,4,10.36,16.64,163
73,Furniture Item 9,Office,Furniture,29,7.52,14.51,133
74,Furniture Item 10,Office,Furniture,17,66.47,112.0,71
75,Furniture Item 11,Office,Furniture,15,139.16,223.56,142
76,Furniture Item 12,Office,Furniture,8,102.53,180.39,86
77,Furniture Item 13,Office,Furniture,29,184.71,361.04,134
78,Furniture Item 14,Office,Furniture,4,29.15,44.13,100
79,Furniture Item 15,Office,Furniture,8,16.36,25.24,74
80,Furniture Item 16,Office,Furniture,26,134.56,174.64,59
81,Supplies Item 1,Office,Supplies,21,188.02,324.94,56
82,Supplies Item 2,Office,Supplies,5,52.12,102.89,76
83,Supplies Item 3,Office,Supplies,4,149.84,227.55,144
84,Supplies Item 4,Office,Supplies,22,34.23,63.87,61
85,Supplies Item 5,Office,Supplies,17,141.85,216.04,127
86,Supplies Item 6,Office,Supplies,11,40.76,51.92,113
87,Supplies Item 7,Office,Supplies,18,5.86,9.18,200
88,Supplies Item 8,Office,Supplies,11,5.58,9.01,95
89,Supplies Item 9,Office,Supplies,3,103.43,133.45,78
90,Supplies Item 10,Office,Supplies,4,194.4,246.35,89
91,Supplies Item 11,Office,Supplies,25,9.84,13.24,53
92,Supplies Item 12,Office,Supplies,28,164.32,316.99,86
93,Supplies Item 13,Office,Supplies,18,82.38,159.43,166
94,Supplies Item 14,Office,Supplies,11,99.93,127.07,34
95,Supplies Item 15,Office,Supplies,6,160.32,246.93,38
96,Supplies Item 16,Office,Supplies,1,55.25,94.34,86
97,Apparel Item 1,Retail,Apparel,28,18.58,25.6,87
98,Apparel Item 2,Retail,Apparel,15,172.83,208.99,161
99,Apparel Item 3,Retail,Apparel,30,84.72,119.82,53
100,Apparel Item 4,Retail,Apparel,23,10.55,14.67,48
101,Apparel Item 5,Retail,Apparel,9,193.9,240.49,71
102,Apparel Item 6,Retail,Apparel,21,186.58,269.42,72
103,Apparel Item 7,Retail,Apparel,17,59.41,103.24,89
104,Apparel Item 8,Retail,Apparel,1,70.71,141.11,29
105,Apparel Item 9,Retail,Apparel,24,5.04,8.09,68
106,Apparel Item 10,Retail,Apparel,8,103.82,202.21,47
107,Apparel Item 11,Retail,Apparel,21,132.35,204.58,146
108,Apparel Item 12,Retail,Apparel,29,110.09,166.73,149
109,Apparel Item 13,Retail,Apparel,7,62.94,125.0,107
110,Apparel Item 14,Retail,Apparel,29,41.33,72.96,182
111,Apparel Item 15,Retail,Apparel,12,29.66,58.89,53
112,Apparel Item 16,Retail,Apparel,21,4.82,8.64,85
113,Footwear Item 1,Retail,Footwear,2,87.29,110.65,117
114,Footwear Item 2,Retail,Footwear,22,174.37,344.68,173
115,Footwear Item 3,Retail,Footwear,10,49.96,61.76,67
116,Footwear Item 4,Retail,Footwear,15,33.19,39.92,113
117,Footwear Item 5,Retail,Footwear,18,192.43,280.72,28
118,Footwear Item 6,Retail,Footwear,10,193.2,265.51,66
119,Footwear Item 7,Retail,Footwear,13,2.21,2.8,91
120,Footwear Item 8,Retail,Footwear,7,101.55,142.02,21
121,Footwear Item 9,Retail,Footwear,27,19.99,25.42,122
122,Footwear Item 10,Retail,Footwear,13,118.19,143.95,97
123,Footwear Item 11,Retail,Footwear,3,126.67,211.34,155
124,Footwear Item 12,Retail,Footwear,5,170.94,295.05,172
125,Footwear Item 13,Retail,Footwear,11,79.12,140.56,146
126,Footwear Item 14,Retail,Footwear,24,31.59,53.54,57
127,Footwear Item 15,Retail,Footwear,27,10.67,18.91,151
128,Footwear Item 16,Retail,Footwear,24,126.21,222.24,149
129,Accessories Item 1,Retail,Accessories,17,29.58,53.31,165
130,Accessories Item 2,Retail,Accessories,26,167.32,202.94,195
131,Accessories Item 3,Retail,Accessories,29,117.64,208.1,197
132,Accessories Item 4,Retail,Accessories,3,129.29,158.37,54
133,Accessories Item 5,Retail,Accessories,4,128.15,192.39,135
134,Accessories Item 6,Retail,Accessories,21,112.59,136.81,156
135,Accessories Item 7,Retail,Accessories,16,136.77,192.99,136
136,Accessories Item 8,Retail,Accessories,24,159.94,311.24,157
137,Accessories Item 9,Retail,Accessories,17,20.2,25.31,141
138,Accessories Item 10,Retail,Accessories,3,51.93,97.47,80
139,Accessories Item 11,Retail,Accessories,7,146.41,202.72,186
140,Accessories Item 12,Retail,Accessories,16,195.2,366.28,39
141,Accessories Item 13,Retail,Accessories,22,96.84,138.47,31
142,Accessories Item 14,Retail,Accessories,21,124.16,168.69,173
143,Accessories Item 15,Retail,Accessories,9,31.19,53.69,197
144,Accessories Item 16,Retail,Accessories,19,62.27,81.37,143
