ProductID,ProductName,Category,SubCategory,UnitPrice,Cost
1,Phones Product 1,Electronics,Phones,323.32,131.75
2,Phones Product 2,Electronics,Phones,144.76,67.6
3,Phones Product 3,Electronics,Phones,370.87,223.64
4,Phones Product 4,Electronics,Phones,447.17,190.53
5,Phones Product 5,Electronics,Phones,216.74,88.63
6,Phones Product 6,Electronics,Phones,117.13,64.61
7,Phones Product 7,Electronics,Phones,23.0,10.57
8,Phones Product 8,Electronics,Phones,328.44,185.07
9,Phones Product 9,Electronics,Phones,118.02,68.07
10,Phones Product 10,Electronics,Phones,406.62,163.44
11,Laptops Product 1,Electronics,Laptops,404.85,246.73
12,Laptops Product 2,Electronics,Laptops,176.72,78.93
13,Laptops Product 3,Electronics,Laptops,479.03,239.98
14,Laptops Product 4,Electronics,Laptops,55.45,23.79
15,Laptops Product 5,Electronics,Laptops,425.27,247.13
16,Laptops Product 6,Electronics,Laptops,405.49,250.97
17,Laptops Product 7,Electronics,Laptops,272.75,188.73
18,Laptops Product 8,Electronics,Laptops,195.48,110.57
19,Laptops Product 9,Electronics,Laptops,416.41,243.83
20,Laptops Product 10,Electronics,Laptops,432.24,247.76
21,Tablets Product 1,Electronics,Tablets,355.24,146.98
22,Tablets Product 2,Electronics,Tablets,121.67,59.23
23,Tablets Product 3,Electronics,Tablets,49.1,23.07
24,Tablets Product 4,Electronics,Tablets,59.49,28.76
25,Tablets Product 5,Electronics,Tablets,321.49,163.78
26,Tablets Product 6,Electronics,Tablets,191.39,88.59
27,Tablets Product 7,Electronics,Tablets,140.82,95.9
28,Tablets Product 8,Electronics,Tablets,327.54,190.87
29,Tablets Product 9,Electronics,Tablets,93.86,58.07
30,Tablets Product 10,Electronics,Tablets,90.07,46.28
31,Headphones Product 1,Electronics,Headphones,494.87,292.96
32,Headphones Product 2,Electronics,Headphones,282.91,171.27
33,Headphones Product 3,Electronics,Headphones,423.0,267.67
34,Headphones Product 4,Electronics,Headphones,122.23,50.07
35,Headphones Product 5,Electronics,Headphones,164.57,79.05
36,Headphones Product 6,Electronics,Headphones,113.38,77.42
37,Headphones Product 7,Electronics,Headphones,439.42,217.25
38,Headphones Product 8,Electronics,Headphones,331.16,171.77
39,Headphones Product 9,Electronics,Headphones,458.13,246.32
40,Headphones Product 10,Electronics,Headphones,139.79,66.26
41,Cameras Product 1,Electronics,Cameras,285.07,136.5
42,Cameras Product 2,Electronics,Cameras,296.45,198.43
43,Cameras Product 3,Electronics,Cameras,205.71,95.82
44,Cameras Product 4,Electronics,Cameras,498.79,275.76
45,Cameras Product 5,Electronics,Cameras,54.55,22.59
46,Cameras Product 6,Electronics,Cameras,63.73,37.49
47,Cameras Product 7,Electronics,Cameras,398.12,209.67
48,Cameras Product 8,Electronics,Cameras,41.13,21.16
49,Cameras Product 9,Electronics,Cameras,498.1,278.31
50,Cameras Product 10,Electronics,Cameras,485.83,319.79
51,Shirts Product 1,Clothing,Shirts,15.63,9.63
52,Shirts Product 2,Clothing,Shirts,344.04,193.04
53,Shirts Product 3,Clothing,Shirts,140.74,83.36
54,Shirts Product 4,Clothing,Shirts,64.66,34.3
55,Shirts Product 5,Clothing,Shirts,232.32,159.41
56,Shirts Product 6,Clothing,Shirts,439.17,210.37
57,Shirts Product 7,Clothing,Shirts,255.29,115.8
58,Shirts Product 8,Clothing,Shirts,457.19,302.27
59,Shirts Product 9,Clothing,Shirts,156.24,92.44
60,Shirts Product 10,Clothing,Shirts,308.4,137.5
61,Pants Product 1,Clothing,Pants,383.63,215.53
62,Pants Product 2,Clothing,Pants,391.53,218.91
63,Pants Product 3,Clothing,Pants,10.28,5.11
64,Pants Product 4,Clothing,Pants,19.54,13.26
65,Pants Product 5,Clothing,Pants,440.57,286.15
66,Pants Product 6,Clothing,Pants,160.68,67.06
67,Pants Product 7,Clothing,Pants,440.22,301.15
68,Pants Product 8,Clothing,Pants,51.97,28.37
69,Pants Product 9,Clothing,Pants,43.91,27.58
70,Pants Product 10,Clothing,Pants,385.26,168.94
71,Dresses Product 1,Clothing,Dresses,242.89,137.22
72,Dresses Product 2,Clothing,Dresses,139.88,92.56
73,Dresses Product 3,Clothing,Dresses,217.34,100.75
74,Dresses Product 4,Clothing,Dresses,274.26,169.76
75,Dresses Product 5,Clothing,Dresses,108.56,53.58
76,Dresses Product 6,Clothing,Dresses,497.62,296.07
77,Dresses Product 7,Clothing,Dresses,224.67,124.75
78,Dresses Product 8,Clothing,Dresses,69.29,32.39
79,Dresses Product 9,Clothing,Dresses,175.66,101.27
80,Dresses Product 10,Clothing,Dresses,122.76,57.21
81,Jackets Product 1,Clothing,Jackets,44.79,26.4
82,Jackets Product 2,Clothing,Jackets,122.18,82.06
83,Jackets Product 3,Clothing,Jackets,431.22,181.65
84,Jackets Product 4,Clothing,Jackets,126.62,76.06
85,Jackets Product 5,Clothing,Jackets,114.98,50.56
86,Jackets Product 6,Clothing,Jackets,468.4,267.6
87,Jackets Product 7,Clothing,Jackets,241.61,153.52
88,Jackets Product 8,Clothing,Jackets,405.67,185.44
89,Jackets Product 9,Clothing,Jackets,57.5,30.44
90,Jackets Product 10,Clothing,Jackets,217.55,117.5
91,Shoes Product 1,Clothing,Shoes,367.25,221.09
92,Shoes Product 2,Clothing,Shoes,492.24,211.43
93,Shoes Product 3,Clothing,Shoes,207.28,104.01
94,Shoes Product 4,Clothing,Shoes,432.22,205.13
95,Shoes Product 5,Clothing,Shoes,103.2,55.17
96,Shoes Product 6,Clothing,Shoes,216.72,104.8
97,Shoes Product 7,Clothing,Shoes,132.41,89.64
98,Shoes Product 8,Clothing,Shoes,227.13,149.54
99,Shoes Product 9,Clothing,Shoes,279.66,116.11
100,Shoes Product 10,Clothing,Shoes,499.65,325.18
101,Furniture Product 1,Home & Garden,Furniture,484.81,328.66
102,Furniture Product 2,Home & Garden,Furniture,425.86,191.59
103,Furniture Product 3,Home & Garden,Furniture,247.96,115.08
104,Furniture Product 4,Home & Garden,Furniture,206.51,86.24
105,Furniture Product 5,Home & Garden,Furniture,195.7,136.13
106,Furniture Product 6,Home & Garden,Furniture,139.95,88.9
107,Furniture Product 7,Home & Garden,Furniture,232.95,122.74
108,Furniture Product 8,Home & Garden,Furniture,479.09,334.71
109,Furniture Product 9,Home & Garden,Furniture,282.33,173.78
110,Furniture Product 10,Home & Garden,Furniture,85.85,41.98
111,Decor Product 1,Home & Garden,Decor,484.67,278.08
112,Decor Product 2,Home & Garden,Decor,275.68,172.13
113,Decor Product 3,Home & Garden,Decor,38.01,21.87
114,Decor Product 4,Home & Garden,Decor,256.4,168.15
115,Decor Product 5,Home & Garden,Decor,87.14,59.97
116,Decor Product 6,Home & Garden,Decor,49.25,22.45
117,Decor Product 7,Home & Garden,Decor,301.57,181.72
118,Decor Product 8,Home & Garden,Decor,125.25,54.6
119,Decor Product 9,Home & Garden,Decor,446.24,211.46
120,Decor Product 10,Home & Garden,Decor,301.31,176.51
121,Kitchen Product 1,Home & Garden,Kitchen,215.42,123.89
122,Kitchen Product 2,Home & Garden,Kitchen,266.16,181.1
123,Kitchen Product 3,Home & Garden,Kitchen,110.09,67.69
124,Kitchen Product 4,Home & Garden,Kitchen,126.96,65.86
125,Kitchen Product 5,Home & Garden,Kitchen,339.13,166.17
126,Kitchen Product 6,Home & Garden,Kitchen,164.93,103.17
127,Kitchen Product 7,Home & Garden,Kitchen,45.55,24.48
128,Kitchen Product 8,Home & Garden,Kitchen,499.24,348.88
129,Kitchen Product 9,Home & Garden,Kitchen,45.9,21.3
130,Kitchen Product 10,Home & Garden,Kitchen,139.95,95.16
131,Garden Product 1,Home & Garden,Garden,441.62,293.14
132,Garden Product 2,Home & Garden,Garden,191.07,85.47
133,Garden Product 3,Home & Garden,Garden,418.54,255.75
134,Garden Product 4,Home & Garden,Garden,309.72,215.62
135,Garden Product 5,Home & Garden,Garden,330.45,132.96
136,Garden Product 6,Home & Garden,Garden,410.38,201.01
137,Garden Product 7,Home & Garden,Garden,335.06,228.4
138,Garden Product 8,Home & Garden,Garden,75.8,32.94
139,Garden Product 9,Home & Garden,Garden,62.45,35.34
140,Garden Product 10,Home & Garden,Garden,143.45,83.41
141,Lighting Product 1,Home & Garden,Lighting,361.63,166.74
142,Lighting Product 2,Home & Garden,Lighting,320.78,153.72
143,Lighting Product 3,Home & Garden,Lighting,249.38,167.48
144,Lighting Product 4,Home & Garden,Lighting,424.59,181.59
145,Lighting Product 5,Home & Garden,Lighting,217.55,105.08
146,Lighting Product 6,Home & Garden,Lighting,11.74,7.41
147,Lighting Product 7,Home & Garden,Lighting,322.19,154.2
148,Lighting Product 8,Home & Garden,Lighting,373.2,211.05
149,Lighting Product 9,Home & Garden,Lighting,219.57,88.46
150,Lighting Product 10,Home & Garden,Lighting,46.87,31.17
151,Fitness Product 1,Sports,Fitness,452.93,255.31
152,Fitness Product 2,Sports,Fitness,418.95,240.79
153,Fitness Product 3,Sports,Fitness,82.57,36.18
154,Fitness Product 4,Sports,Fitness,161.05,107.85
155,Fitness Product 5,Sports,Fitness,400.1,263.35
156,Fitness Product 6,Sports,Fitness,450.47,208.58
157,Fitness Product 7,Sports,Fitness,132.27,56.99
158,Fitness Product 8,Sports,Fitness,392.26,260.95
159,Fitness Product 9,Sports,Fitness,209.12,122.59
160,Fitness Product 10,Sports,Fitness,85.73,58.21
161,Outdoor Product 1,Sports,Outdoor,433.66,300.47
162,Outdoor Product 2,Sports,Outdoor,407.28,270.61
163,Outdoor Product 3,Sports,Outdoor,22.15,13.75
164,Outdoor Product 4,Sports,Outdoor,172.77,117.35
165,Outdoor Product 5,Sports,Outdoor,403.1,265.73
166,Outdoor Product 6,Sports,Outdoor,407.27,195.51
167,Outdoor Product 7,Sports,Outdoor,395.81,171.16
168,Outdoor Product 8,Sports,Outdoor,437.36,287.6
169,Outdoor Product 9,Sports,Outdoor,118.99,76.75
170,Outdoor Product 10,Sports,Outdoor,235.55,115.79
171,Team Sports Product 1,Sports,Team Sports,399.72,187.18
172,Team Sports Product 2,Sports,Team Sports,21.6,9.89
173,Team Sports Product 3,Sports,Team Sports,170.85,112.64
174,Team Sports Product 4,Sports,Team Sports,483.78,234.02
175,Team Sports Product 5,Sports,Team Sports,324.33,168.62
176,Team Sports Product 6,Sports,Team Sports,490.76,275.25
177,Team Sports Product 7,Sports,Team Sports,470.23,204.36
178,Team Sports Product 8,Sports,Team Sports,485.5,220.21
179,Team Sports Product 9,Sports,Team Sports,481.64,231.01
180,Team Sports Product 10,Sports,Team Sports,63.12,33.48
181,Water Sports Product 1,Sports,Water Sports,366.99,181.33
182,Water Sports Product 2,Sports,Water Sports,307.04,169.92
183,Water Sports Product 3,Sports,Water Sports,198.75,113.88
184,Water Sports Product 4,Sports,Water Sports,134.81,82.59
185,Water Sports Product 5,Sports,Water Sports,10.83,7.34
186,Water Sports Product 6,Sports,Water Sports,273.84,168.64
187,Water Sports Product 7,Sports,Water Sports,373.56,224.58
188,Water Sports Product 8,Sports,Water Sports,188.47,79.34
189,Water Sports Product 9,Sports,Water Sports,335.48,167.42
190,Water Sports Product 10,Sports,Water Sports,163.82,107.2
191,Winter Sports Product 1,Sports,Winter Sports,362.68,177.75
192,Winter Sports Product 2,Sports,Winter Sports,161.55,84.41
193,Winter Sports Product 3,Sports,Winter Sports,207.18,101.25
194,Winter Sports Product 4,Sports,Winter Sports,72.37,38.08
195,Winter Sports Product 5,Sports,Winter Sports,470.78,283.97
196,Winter Sports Product 6,Sports,Winter Sports,452.37,264.48
197,Winter Sports Product 7,Sports,Winter Sports,157.47,88.87
198,Winter Sports Product 8,Sports,Winter Sports,10.2,4.96
199,Winter Sports Product 9,Sports,Winter Sports,220.65,126.65
200,Winter Sports Product 10,Sports,Winter Sports,330.81,178.47
201,Fiction Product 1,Books,Fiction,226.66,105.2
202,Fiction Product 2,Books,Fiction,241.86,162.13
203,Fiction Product 3,Books,Fiction,400.05,180.39
204,Fiction Product 4,Books,Fiction,51.55,28.59
205,Fiction Product 5,Books,Fiction,320.14,160.25
206,Fiction Product 6,Books,Fiction,411.03,257.03
207,Fiction Product 7,Books,Fiction,339.67,158.76
208,Fiction Product 8,Books,Fiction,107.57,43.82
209,Fiction Product 9,Books,Fiction,129.97,70.51
210,Fiction Product 10,Books,Fiction,426.37,179.86
211,Non-Fiction Product 1,Books,Non-Fiction,213.08,125.49
212,Non-Fiction Product 2,Books,Non-Fiction,105.27,64.1
213,Non-Fiction Product 3,Books,Non-Fiction,252.24,119.36
214,Non-Fiction Product 4,Books,Non-Fiction,331.47,133.14
215,Non-Fiction Product 5,Books,Non-Fiction,377.97,238.5
216,Non-Fiction Product 6,Books,Non-Fiction,62.23,32.83
217,Non-Fiction Product 7,Books,Non-Fiction,96.18,66.11
218,Non-Fiction Product 8,Books,Non-Fiction,263.8,109.49
219,Non-Fiction Product 9,Books,Non-Fiction,132.11,86.47
220,Non-Fiction Product 10,Books,Non-Fiction,233.67,149.65
221,Children Product 1,Books,Children,337.11,234.75
222,Children Product 2,Books,Children,301.77,206.72
223,Children Product 3,Books,Children,446.8,260.84
224,Children Product 4,Books,Children,362.44,199.86
225,Children Product 5,Books,Children,416.98,235.33
226,Children Product 6,Books,Children,449.63,280.16
227,Children Product 7,Books,Children,242.59,115.9
228,Children Product 8,Books,Children,131.15,77.55
229,Children Product 9,Books,Children,385.25,214.35
230,Children Product 10,Books,Children,317.11,152.97
231,Technical Product 1,Books,Technical,47.97,23.3
232,Technical Product 2,Books,Technical,143.14,70.98
233,Technical Product 3,Books,Technical,274.67,121.27
234,Technical Product 4,Books,Technical,123.32,75.0
235,Technical Product 5,Books,Technical,356.15,149.32
236,Technical Product 6,Books,Technical,209.72,118.03
237,Technical Product 7,Books,Technical,213.73,98.75
238,Technical Product 8,Books,Technical,215.87,144.95
239,Technical Product 9,Books,Technical,296.2,180.28
240,Technical Product 10,Books,Technical,429.8,270.64
241,Comics Product 1,Books,Comics,196.39,78.9
242,Comics Product 2,Books,Comics,182.36,114.17
243,Comics Product 3,Books,Comics,428.19,293.75
244,Comics Product 4,Books,Comics,215.32,134.41
245,Comics Product 5,Books,Comics,277.6,161.28
246,Comics Product 6,Books,Comics,118.06,55.0
247,Comics Product 7,Books,Comics,223.56,91.37
248,Comics Product 8,Books,Comics,174.7,105.47
249,Comics Product 9,Books,Comics,208.12,93.55
250,Comics Product 10,Books,Comics,239.02,104.76
