AnimalID,SpeciesID,EnclosureID,Gender,BirthDate,WeightKg,Health
1,1,4,Male,2023-07-15,457.6,Good
2,3,3,Male,2023-03-31,496.8,Good
3,8,2,Male,2023-03-15,74.7,Good
4,9,4,Female,2024-07-05,70.5,Good
5,12,6,Male,2023-12-03,765.1,Good
6,8,1,Female,2024-07-04,876.0,Good
7,11,5,Female,2023-12-26,843.3,Good
8,7,5,Female,2024-06-27,224.5,Good
9,7,6,Male,2024-01-29,13.5,Fair
10,1,4,Female,2024-01-02,684.6,Good
11,5,5,Female,2024-12-05,441.0,Good
12,12,6,Male,2023-11-02,479.0,Good
13,8,3,Female,2024-03-01,518.9,Good
14,8,2,Female,2023-01-28,631.5,Good
15,11,4,Male,2024-02-04,877.1,Good
16,3,2,Male,2023-03-30,147.0,Good
17,1,2,Female,2024-01-24,870.3,Good
18,12,5,Male,2024-06-02,242.5,Good
19,2,4,Female,2023-10-30,487.8,Good
20,4,1,Female,2023-03-14,34.0,Good
21,1,1,Female,2023-04-22,460.3,Good
22,7,2,Male,2024-11-11,347.1,Good
23,8,5,Female,2024-02-16,176.2,Good
24,7,3,Male,2023-03-30,772.5,Good
25,4,3,Female,2024-11-28,431.3,Good
26,11,5,Male,2024-07-01,361.6,Good
27,7,6,Female,2024-12-24,593.5,Fair
28,5,6,Male,2023-05-21,324.9,Good
29,1,2,Female,2024-08-25,561.6,Good
30,10,1,Female,2024-08-23,109.7,Good
31,3,3,Female,2024-10-30,872.1,Good
32,9,6,Female,2024-01-21,79.8,Good
33,2,3,Male,2024-09-27,663.7,Good
34,8,6,Female,2024-05-22,365.4,Fair
35,2,4,Male,2023-02-02,339.5,Good
36,11,3,Female,2023-09-19,570.6,Good
37,9,6,Male,2023-02-16,496.5,Fair
38,7,5,Female,2023-07-02,664.3,Good
39,10,6,Male,2024-04-25,208.2,Good
40,7,5,Male,2024-11-06,784.4,Good
41,7,6,Male,2024-09-20,591.1,Good
42,11,6,Male,2024-10-21,387.5,Good
43,6,6,Male,2023-12-30,717.2,Fair
44,6,6,Male,2023-09-29,475.1,Good
45,5,4,Male,2023-04-07,432.9,Good
46,5,3,Male,2023-01-10,818.9,Good
47,7,5,Female,2024-03-08,622.7,Good
48,2,6,Male,2024-07-08,321.4,Good
49,7,2,Male,2024-07-21,387.8,Good
50,1,5,Male,2023-10-19,395.9,Good
51,11,5,Male,2023-03-20,350.7,Fair
52,6,6,Male,2023-04-23,316.5,Good
53,8,6,Female,2023-06-19,45.0,Good
54,6,3,Female,2024-11-10,231.8,Good
55,3,3,Male,2023-01-25,426.9,Good
56,11,4,Male,2024-10-15,528.4,Fair
57,8,1,Female,2024-03-10,816.6,Good
58,1,6,Male,2024-04-23,251.5,Good
59,4,5,Male,2023-08-25,526.7,Good
60,1,6,Female,2024-08-13,857.2,Good
61,3,5,Female,2023-10-12,316.9,Good
62,12,5,Female,2024-06-18,171.3,Good
63,12,6,Male,2023-09-09,104.6,Good
64,12,4,Female,2024-08-27,417.0,Good
65,2,6,Male,2023-10-18,726.1,Good
66,6,6,Male,2024-05-03,330.2,Good
67,1,1,Male,2024-07-24,226.4,Fair
68,1,4,Female,2023-07-30,657.5,Good
69,7,2,Female,2023-09-11,275.8,Good
70,2,6,Male,2024-08-31,520.2,Good
71,7,4,Female,2023-06-05,170.2,Good
72,1,2,Male,2024-01-10,866.5,Good
73,9,4,Female,2023-10-14,381.7,Fair
74,9,1,Female,2024-04-24,35.0,Fair
75,8,2,Male,2023-06-16,842.6,Fair
76,5,1,Female,2024-01-13,866.3,Good
77,1,2,Male,2024-03-28,202.1,Good
78,6,2,Female,2024-07-23,593.0,Fair
79,8,6,Male,2024-11-18,31.1,Good
80,12,6,Male,2024-01-31,191.7,Good
81,2,3,Female,2023-12-14,827.4,Good
82,10,4,Female,2024-07-10,246.3,Good
83,3,6,Female,2023-04-30,462.4,Good
84,5,4,Male,2023-10-09,560.8,Good
85,9,2,Female,2023-03-30,639.3,Good
86,9,2,Female,2024-03-18,360.1,Good
87,1,2,Male,2024-09-28,187.1,Fair
88,2,1,Female,2024-06-20,787.6,Good
89,6,5,Female,2024-08-08,467.4,Fair
90,3,3,Male,2023-05-22,808.6,Good
91,2,1,Male,2023-10-02,354.9,Good
92,9,2,Female,2024-04-10,741.5,Good
93,8,4,Male,2024-01-04,771.0,Good
94,1,1,Male,2023-02-28,477.0,Good
95,5,3,Male,2024-03-21,197.6,Good
96,2,1,Male,2023-11-21,790.6,Good
97,1,3,Female,2023-10-13,323.7,Fair
98,11,1,Male,2024-05-02,111.2,Good
99,7,6,Male,2024-08-06,685.7,Good
100,5,2,Female,2024-07-23,636.1,Good
101,1,4,Female,2024-05-12,32.5,Fair
102,7,3,Female,2023-11-07,76.1,Fair
103,9,6,Female,2024-01-27,458.9,Good
104,1,2,Male,2024-04-16,614.2,Good
105,6,6,Male,2024-06-13,530.2,Good
106,11,6,Female,2024-03-09,394.1,Good
107,1,1,Male,2024-04-29,266.5,Good
108,5,2,Male,2023-07-02,300.7,Good
109,9,3,Male,2023-03-05,144.5,Good
110,7,4,Male,2024-08-21,497.1,Good
111,9,5,Female,2023-05-19,708.9,Good
112,10,5,Female,2023-05-13,852.9,Good
113,11,2,Female,2024-12-07,314.7,Good
114,4,4,Male,2023-02-23,839.4,Good
115,12,4,Female,2024-06-13,821.8,Good
116,1,5,Male,2024-05-03,247.7,Good
117,12,5,Female,2024-05-03,847.9,Good
118,5,1,Female,2023-01-10,478.1,Good
119,2,1,Male,2024-08-29,104.2,Good
120,8,3,Male,2023-04-29,591.9,Good
