VisitID,VisitDate,TicketType,Visitors,Revenue
1,2023-01-01,Adult,50,1250
2,2023-01-01,Child,49,588
3,2023-01-01,Senior,59,885
4,2023-01-02,Adult,14,350
5,2023-01-02,Child,12,144
6,2023-01-02,Senior,13,195
7,2023-01-03,Adult,12,300
8,2023-01-03,Child,20,240
9,2023-01-03,Senior,13,195
10,2023-01-04,Adult,20,500
11,2023-01-04,Child,22,264
12,2023-01-04,Senior,16,240
13,2023-01-05,Adult,24,600
14,2023-01-05,Child,21,252
15,2023-01-05,Senior,17,255
16,2023-01-06,Adult,21,525
17,2023-01-06,Child,12,144
18,2023-01-06,Senior,21,315
19,2023-01-07,Adult,37,925
20,2023-01-07,Child,72,864
21,2023-01-07,Senior,54,810
22,2023-01-08,Adult,53,1325
23,2023-01-08,Child,39,468
24,2023-01-08,Senior,33,495
25,2023-01-09,Adult,14,350
26,2023-01-09,Child,18,216
27,2023-01-09,Senior,15,225
28,2023-01-10,Adult,27,675
29,2023-01-10,Child,17,204
30,2023-01-10,Senior,19,285
31,2023-01-11,Adult,18,450
32,2023-01-11,Child,18,216
33,2023-01-11,Senior,15,225
34,2023-01-12,Adult,24,600
35,2023-01-12,Child,27,324
36,2023-01-12,Senior,22,330
37,2023-01-13,Adult,16,400
38,2023-01-13,Child,25,300
39,2023-01-13,Senior,12,180
40,2023-01-14,Adult,61,1525
41,2023-01-14,Child,49,588
42,2023-01-14,Senior,38,570
43,2023-01-15,Adult,74,1850
44,2023-01-15,Child,33,396
45,2023-01-15,Senior,44,660
46,2023-01-16,Adult,23,575
47,2023-01-16,Child,12,144
48,2023-01-16,Senior,25,375
49,2023-01-17,Adult,12,300
50,2023-01-17,Child,15,180
51,2023-01-17,Senior,27,405
52,2023-01-18,Adult,12,300
53,2023-01-18,Child,27,324
54,2023-01-18,Senior,14,210
55,2023-01-19,Adult,18,450
56,2023-01-19,Child,17,204
57,2023-01-19,Senior,23,345
58,2023-01-20,Adult,23,575
59,2023-01-20,Child,15,180
60,2023-01-20,Senior,16,240
61,2023-01-21,Adult,52,1300
62,2023-01-21,Child,71,852
63,2023-01-21,Senior,51,765
64,2023-01-22,Adult,59,1475
65,2023-01-22,Child,66,792
66,2023-01-22,Senior,60,900
67,2023-01-23,Adult,27,675
68,2023-01-23,Child,18,216
69,2023-01-23,Senior,25,375
70,2023-01-24,Adult,13,325
71,2023-01-24,Child,15,180
72,2023-01-24,Senior,13,195
73,2023-01-25,Adult,27,675
74,2023-01-25,Child,15,180
75,2023-01-25,Senior,20,300
76,2023-01-26,Adult,17,425
77,2023-01-26,Child,17,204
78,2023-01-26,Senior,14,210
79,2023-01-27,Adult,19,475
80,2023-01-27,Child,20,240
81,2023-01-27,Senior,21,315
82,2023-01-28,Adult,60,1500
83,2023-01-28,Child,69,828
84,2023-01-28,Senior,54,810
85,2023-01-29,Adult,54,1350
86,2023-01-29,Child,37,444
87,2023-01-29,Senior,46,690
88,2023-01-30,Adult,17,425
89,2023-01-30,Child,24,288
90,2023-01-30,Senior,14,210
91,2023-01-31,Adult,20,500
92,2023-01-31,Child,16,192
93,2023-01-31,Senior,28,420
94,2023-02-01,Adult,15,375
95,2023-02-01,Child,22,264
96,2023-02-01,Senior,17,255
97,2023-02-02,Adult,22,550
98,2023-02-02,Child,12,144
99,2023-02-02,Senior,25,375
100,2023-02-03,Adult,17,425
101,2023-02-03,Child,19,228
102,2023-02-03,Senior,22,330
103,2023-02-04,Adult,71,1775
104,2023-02-04,Child,55,660
105,2023-02-04,Senior,53,795
106,2023-02-05,Adult,33,825
107,2023-02-05,Child,37,444
108,2023-02-05,Senior,38,570
109,2023-02-06,Adult,27,675
110,2023-02-06,Child,12,144
111,2023-02-06,Senior,26,390
112,2023-02-07,Adult,18,450
113,2023-02-07,Child,25,300
114,2023-02-07,Senior,20,300
115,2023-02-08,Adult,28,700
116,2023-02-08,Child,18,216
117,2023-02-08,Senior,14,210
118,2023-02-09,Adult,18,450
119,2023-02-09,Child,22,264
120,2023-02-09,Senior,14,210
121,2023-02-10,Adult,23,575
122,2023-02-10,Child,27,324
123,2023-02-10,Senior,12,180
124,2023-02-11,Adult,74,1850
125,2023-02-11,Child,45,540
126,2023-02-11,Senior,56,840
127,2023-02-12,Adult,71,1775
128,2023-02-12,Child,58,696
129,2023-02-12,Senior,72,1080
130,2023-02-13,Adult,25,625
131,2023-02-13,Child,28,336
132,2023-02-13,Senior,25,375
133,2023-02-14,Adult,21,525
134,2023-02-14,Child,16,192
135,2023-02-14,Senior,23,345
136,2023-02-15,Adult,27,675
137,2023-02-15,Child,12,144
138,2023-02-15,Senior,26,390
139,2023-02-16,Adult,19,475
140,2023-02-16,Child,15,180
141,2023-02-16,Senior,13,195
142,2023-02-17,Adult,25,625
143,2023-02-17,Child,19,228
144,2023-02-17,Senior,12,180
145,2023-02-18,Adult,40,1000
146,2023-02-18,Child,32,384
147,2023-02-18,Senior,42,630
148,2023-02-19,Adult,37,925
149,2023-02-19,Child,48,576
150,2023-02-19,Senior,33,495
151,2023-02-20,Adult,12,300
152,2023-02-20,Child,24,288
153,2023-02-20,Senior,28,420
154,2023-02-21,Adult,24,600
155,2023-02-21,Child,14,168
156,2023-02-21,Senior,29,435
157,2023-02-22,Adult,27,675
158,2023-02-22,Child,29,348
159,2023-02-22,Senior,18,270
160,2023-02-23,Adult,21,525
161,2023-02-23,Child,22,264
162,2023-02-23,Senior,29,435
163,2023-02-24,Adult,28,700
164,2023-02-24,Child,17,204
165,2023-02-24,Senior,12,180
166,2023-02-25,Adult,56,1400
167,2023-02-25,Child,63,756
168,2023-02-25,Senior,33,495
169,2023-02-26,Adult,70,1750
170,2023-02-26,Child,33,396
171,2023-02-26,Senior,61,915
172,2023-02-27,Adult,26,650
173,2023-02-27,Child,29,348
174,2023-02-27,Senior,17,255
175,2023-02-28,Adult,21,525
176,2023-02-28,Child,13,156
177,2023-02-28,Senior,24,360
178,2023-03-01,Adult,29,725
179,2023-03-01,Child,28,336
180,2023-03-01,Senior,12,180
181,2023-03-02,Adult,14,350
182,2023-03-02,Child,29,348
183,2023-03-02,Senior,28,420
184,2023-03-03,Adult,25,625
185,2023-03-03,Child,25,300
186,2023-03-03,Senior,19,285
187,2023-03-04,Adult,58,1450
188,2023-03-04,Child,70,840
189,2023-03-04,Senior,50,750
190,2023-03-05,Adult,47,1175
191,2023-03-05,Child,42,504
192,2023-03-05,Senior,50,750
193,2023-03-06,Adult,22,550
194,2023-03-06,Child,16,192
195,2023-03-06,Senior,14,210
196,2023-03-07,Adult,16,400
197,2023-03-07,Child,14,168
198,2023-03-07,Senior,14,210
199,2023-03-08,Adult,19,475
200,2023-03-08,Child,25,300
201,2023-03-08,Senior,19,285
202,2023-03-09,Adult,24,600
203,2023-03-09,Child,20,240
204,2023-03-09,Senior,21,315
205,2023-03-10,Adult,28,700
206,2023-03-10,Child,14,168
207,2023-03-10,Senior,23,345
208,2023-03-11,Adult,43,1075
209,2023-03-11,Child,44,528
210,2023-03-11,Senior,57,855
211,2023-03-12,Adult,74,1850
212,2023-03-12,Child,31,372
213,2023-03-12,Senior,43,645
214,2023-03-13,Adult,28,700
215,2023-03-13,Child,15,180
216,2023-03-13,Senior,20,300
217,2023-03-14,Adult,16,400
218,2023-03-14,Child,14,168
219,2023-03-14,Senior,24,360
220,2023-03-15,Adult,27,675
221,2023-03-15,Child,23,276
222,2023-03-15,Senior,24,360
223,2023-03-16,Adult,17,425
224,2023-03-16,Child,27,324
225,2023-03-16,Senior,18,270
226,2023-03-17,Adult,16,400
227,2023-03-17,Child,22,264
228,2023-03-17,Senior,15,225
229,2023-03-18,Adult,67,1675
230,2023-03-18,Child,47,564
231,2023-03-18,Senior,69,1035
232,2023-03-19,Adult,58,1450
233,2023-03-19,Child,73,876
234,2023-03-19,Senior,37,555
235,2023-03-20,Adult,16,400
236,2023-03-20,Child,22,264
237,2023-03-20,Senior,16,240
238,2023-03-21,Adult,22,550
239,2023-03-21,Child,16,192
240,2023-03-21,Senior,24,360
241,2023-03-22,Adult,26,650
242,2023-03-22,Child,28,336
243,2023-03-22,Senior,24,360
244,2023-03-23,Adult,15,375
245,2023-03-23,Child,16,192
246,2023-03-23,Senior,28,420
247,2023-03-24,Adult,23,575
248,2023-03-24,Child,14,168
249,2023-03-24,Senior,24,360
250,2023-03-25,Adult,43,1075
251,2023-03-25,Child,63,756
252,2023-03-25,Senior,33,495
253,2023-03-26,Adult,67,1675
254,2023-03-26,Child,43,516
255,2023-03-26,Senior,74,1110
256,2023-03-27,Adult,29,725
257,2023-03-27,Child,16,192
258,2023-03-27,Senior,26,390
259,2023-03-28,Adult,19,475
260,2023-03-28,Child,29,348
261,2023-03-28,Senior,19,285
262,2023-03-29,Adult,23,575
263,2023-03-29,Child,28,336
264,2023-03-29,Senior,12,180
265,2023-03-30,Adult,21,525
266,2023-03-30,Child,29,348
267,2023-03-30,Senior,29,435
268,2023-03-31,Adult,28,700
269,2023-03-31,Child,22,264
270,2023-03-31,Senior,25,375
271,2023-04-01,Adult,68,1700
272,2023-04-01,Child,50,600
273,2023-04-01,Senior,31,465
274,2023-04-02,Adult,64,1600
275,2023-04-02,Child,68,816
276,2023-04-02,Senior,51,765
277,2023-04-03,Adult,23,575
278,2023-04-03,Child,12,144
279,2023-04-03,Senior,28,420
280,2023-04-04,Adult,20,500
281,2023-04-04,Child,15,180
282,2023-04-04,Senior,17,255
283,2023-04-05,Adult,16,400
284,2023-04-05,Child,18,216
285,2023-04-05,Senior,19,285
286,2023-04-06,Adult,24,600
287,2023-04-06,Child,26,312
288,2023-04-06,Senior,13,195
289,2023-04-07,Adult,22,550
290,2023-04-07,Child,25,300
291,2023-04-07,Senior,18,270
292,2023-04-08,Adult,45,1125
293,2023-04-08,Child,33,396
294,2023-04-08,Senior,52,780
295,2023-04-09,Adult,35,875
296,2023-04-09,Child,59,708
297,2023-04-09,Senior,30,450
298,2023-04-10,Adult,29,725
299,2023-04-10,Child,23,276
300,2023-04-10,Senior,15,225
301,2023-04-11,Adult,21,525
302,2023-04-11,Child,16,192
303,2023-04-11,Senior,19,285
304,2023-04-12,Adult,26,650
305,2023-04-12,Child,26,312
306,2023-04-12,Senior,22,330
307,2023-04-13,Adult,24,600
308,2023-04-13,Child,22,264
309,2023-04-13,Senior,12,180
310,2023-04-14,Adult,29,725
311,2023-04-14,Child,14,168
312,2023-04-14,Senior,25,375
313,2023-04-15,Adult,52,1300
314,2023-04-15,Child,68,816
315,2023-04-15,Senior,40,600
316,2023-04-16,Adult,63,1575
317,2023-04-16,Child,70,840
318,2023-04-16,Senior,42,630
319,2023-04-17,Adult,17,425
320,2023-04-17,Child,27,324
321,2023-04-17,Senior,20,300
322,2023-04-18,Adult,19,475
323,2023-04-18,Child,22,264
324,2023-04-18,Senior,25,375
325,2023-04-19,Adult,12,300
326,2023-04-19,Child,29,348
327,2023-04-19,Senior,20,300
328,2023-04-20,Adult,12,300
329,2023-04-20,Child,22,264
330,2023-04-20,Senior,19,285
331,2023-04-21,Adult,18,450
332,2023-04-21,Child,22,264
333,2023-04-21,Senior,13,195
334,2023-04-22,Adult,59,1475
335,2023-04-22,Child,44,528
336,2023-04-22,Senior,61,915
337,2023-04-23,Adult,42,1050
338,2023-04-23,Child,44,528
339,2023-04-23,Senior,74,1110
340,2023-04-24,Adult,26,650
341,2023-04-24,Child,23,276
342,2023-04-24,Senior,18,270
343,2023-04-25,Adult,14,350
344,2023-04-25,Child,22,264
345,2023-04-25,Senior,19,285
346,2023-04-26,Adult,26,650
347,2023-04-26,Child,12,144
348,2023-04-26,Senior,22,330
349,2023-04-27,Adult,12,300
350,2023-04-27,Child,21,252
351,2023-04-27,Senior,19,285
352,2023-04-28,Adult,18,450
353,2023-04-28,Child,13,156
354,2023-04-28,Senior,17,255
355,2023-04-29,Adult,35,875
356,2023-04-29,Child,41,492
357,2023-04-29,Senior,64,960
358,2023-04-30,Adult,41,1025
359,2023-04-30,Child,68,816
360,2023-04-30,Senior,46,690
361,2023-05-01,Adult,29,725
362,2023-05-01,Child,14,168
363,2023-05-01,Senior,21,315
364,2023-05-02,Adult,14,350
365,2023-05-02,Child,24,288
366,2023-05-02,Senior,14,210
367,2023-05-03,Adult,18,450
368,2023-05-03,Child,27,324
369,2023-05-03,Senior,16,240
370,2023-05-04,Adult,19,475
371,2023-05-04,Child,14,168
372,2023-05-04,Senior,24,360
373,2023-05-05,Adult,21,525
374,2023-05-05,Child,18,216
375,2023-05-05,Senior,23,345
376,2023-05-06,Adult,58,1450
377,2023-05-06,Child,69,828
378,2023-05-06,Senior,71,1065
379,2023-05-07,Adult,58,1450
380,2023-05-07,Child,58,696
381,2023-05-07,Senior,35,525
382,2023-05-08,Adult,12,300
383,2023-05-08,Child,14,168
384,2023-05-08,Senior,22,330
385,2023-05-09,Adult,26,650
386,2023-05-09,Child,24,288
387,2023-05-09,Senior,18,270
388,2023-05-10,Adult,16,400
389,2023-05-10,Child,28,336
390,2023-05-10,Senior,12,180
391,2023-05-11,Adult,29,725
392,2023-05-11,Child,26,312
393,2023-05-11,Senior,15,225
394,2023-05-12,Adult,26,650
395,2023-05-12,Child,23,276
396,2023-05-12,Senior,20,300
397,2023-05-13,Adult,35,875
398,2023-05-13,Child,73,876
399,2023-05-13,Senior,50,750
400,2023-05-14,Adult,64,1600
401,2023-05-14,Child,33,396
402,2023-05-14,Senior,54,810
403,2023-05-15,Adult,13,325
404,2023-05-15,Child,14,168
405,2023-05-15,Senior,25,375
406,2023-05-16,Adult,22,550
407,2023-05-16,Child,20,240
408,2023-05-16,Senior,12,180
409,2023-05-17,Adult,26,650
410,2023-05-17,Child,24,288
411,2023-05-17,Senior,12,180
412,2023-05-18,Adult,18,450
413,2023-05-18,Child,22,264
414,2023-05-18,Senior,17,255
415,2023-05-19,Adult,19,475
416,2023-05-19,Child,14,168
417,2023-05-19,Senior,25,375
418,2023-05-20,Adult,42,1050
419,2023-05-20,Child,70,840
420,2023-05-20,Senior,48,720
421,2023-05-21,Adult,72,1800
422,2023-05-21,Child,33,396
423,2023-05-21,Senior,40,600
424,2023-05-22,Adult,25,625
425,2023-05-22,Child,15,180
426,2023-05-22,Senior,13,195
427,2023-05-23,Adult,18,450
428,2023-05-23,Child,26,312
429,2023-05-23,Senior,24,360
430,2023-05-24,Adult,24,600
431,2023-05-24,Child,21,252
432,2023-05-24,Senior,20,300
433,2023-05-25,Adult,17,425
434,2023-05-25,Child,19,228
435,2023-05-25,Senior,17,255
436,2023-05-26,Adult,22,550
437,2023-05-26,Child,28,336
438,2023-05-26,Senior,24,360
439,2023-05-27,Adult,70,1750
440,2023-05-27,Child,41,492
441,2023-05-27,Senior,53,795
442,2023-05-28,Adult,46,1150
443,2023-05-28,Child,69,828
444,2023-05-28,Senior,41,615
445,2023-05-29,Adult,21,525
446,2023-05-29,Child,14,168
447,2023-05-29,Senior,12,180
448,2023-05-30,Adult,28,700
449,2023-05-30,Child,17,204
450,2023-05-30,Senior,17,255
451,2023-05-31,Adult,27,675
452,2023-05-31,Child,13,156
453,2023-05-31,Senior,15,225
454,2023-06-01,Adult,13,325
455,2023-06-01,Child,23,276
456,2023-06-01,Senior,16,240
457,2023-06-02,Adult,15,375
458,2023-06-02,Child,29,348
459,2023-06-02,Senior,26,390
460,2023-06-03,Adult,49,1225
461,2023-06-03,Child,58,696
462,2023-06-03,Senior,37,555
463,2023-06-04,Adult,61,1525
464,2023-06-04,Child,63,756
465,2023-06-04,Senior,48,720
466,2023-06-05,Adult,24,600
467,2023-06-05,Child,17,204
468,2023-06-05,Senior,13,195
469,2023-06-06,Adult,16,400
470,2023-06-06,Child,15,180
471,2023-06-06,Senior,23,345
472,2023-06-07,Adult,18,450
473,2023-06-07,Child,25,300
474,2023-06-07,Senior,22,330
475,2023-06-08,Adult,22,550
476,2023-06-08,Child,14,168
477,2023-06-08,Senior,22,330
478,2023-06-09,Adult,18,450
479,2023-06-09,Child,22,264
480,2023-06-09,Senior,29,435
481,2023-06-10,Adult,62,1550
482,2023-06-10,Child,67,804
483,2023-06-10,Senior,59,885
484,2023-06-11,Adult,42,1050
485,2023-06-11,Child,33,396
486,2023-06-11,Senior,56,840
487,2023-06-12,Adult,13,325
488,2023-06-12,Child,12,144
489,2023-06-12,Senior,13,195
490,2023-06-13,Adult,29,725
491,2023-06-13,Child,24,288
492,2023-06-13,Senior,20,300
493,2023-06-14,Adult,19,475
494,2023-06-14,Child,15,180
495,2023-06-14,Senior,21,315
496,2023-06-15,Adult,22,550
497,2023-06-15,Child,12,144
498,2023-06-15,Senior,13,195
499,2023-06-16,Adult,16,400
500,2023-06-16,Child,19,228
501,2023-06-16,Senior,27,405
502,2023-06-17,Adult,73,1825
503,2023-06-17,Child,32,384
504,2023-06-17,Senior,67,1005
505,2023-06-18,Adult,40,1000
506,2023-06-18,Child,53,636
507,2023-06-18,Senior,65,975
508,2023-06-19,Adult,19,475
509,2023-06-19,Child,24,288
510,2023-06-19,Senior,25,375
511,2023-06-20,Adult,17,425
512,2023-06-20,Child,16,192
513,2023-06-20,Senior,29,435
514,2023-06-21,Adult,24,600
515,2023-06-21,Child,16,192
516,2023-06-21,Senior,13,195
517,2023-06-22,Adult,20,500
518,2023-06-22,Child,23,276
519,2023-06-22,Senior,26,390
520,2023-06-23,Adult,13,325
521,2023-06-23,Child,27,324
522,2023-06-23,Senior,15,225
523,2023-06-24,Adult,55,1375
524,2023-06-24,Child,74,888
525,2023-06-24,Senior,50,750
526,2023-06-25,Adult,45,1125
527,2023-06-25,Child,56,672
528,2023-06-25,Senior,33,495
529,2023-06-26,Adult,13,325
530,2023-06-26,Child,25,300
531,2023-06-26,Senior,17,255
532,2023-06-27,Adult,21,525
533,2023-06-27,Child,17,204
534,2023-06-27,Senior,24,360
535,2023-06-28,Adult,13,325
536,2023-06-28,Child,13,156
537,2023-06-28,Senior,16,240
538,2023-06-29,Adult,21,525
539,2023-06-29,Child,23,276
540,2023-06-29,Senior,24,360
541,2023-06-30,Adult,15,375
542,2023-06-30,Child,17,204
543,2023-06-30,Senior,27,405
544,2023-07-01,Adult,68,1700
545,2023-07-01,Child,53,636
546,2023-07-01,Senior,68,1020
547,2023-07-02,Adult,59,1475
548,2023-07-02,Child,37,444
549,2023-07-02,Senior,68,1020
550,2023-07-03,Adult,14,350
551,2023-07-03,Child,14,168
552,2023-07-03,Senior,25,375
553,2023-07-04,Adult,27,675
554,2023-07-04,Child,25,300
555,2023-07-04,Senior,25,375
556,2023-07-05,Adult,17,425
557,2023-07-05,Child,19,228
558,2023-07-05,Senior,26,390
559,2023-07-06,Adult,18,450
560,2023-07-06,Child,14,168
561,2023-07-06,Senior,17,255
562,2023-07-07,Adult,13,325
563,2023-07-07,Child,17,204
564,2023-07-07,Senior,16,240
565,2023-07-08,Adult,45,1125
566,2023-07-08,Child,35,420
567,2023-07-08,Senior,72,1080
568,2023-07-09,Adult,34,850
569,2023-07-09,Child,44,528
570,2023-07-09,Senior,70,1050
571,2023-07-10,Adult,21,525
572,2023-07-10,Child,20,240
573,2023-07-10,Senior,24,360
574,2023-07-11,Adult,29,725
575,2023-07-11,Child,17,204
576,2023-07-11,Senior,22,330
577,2023-07-12,Adult,20,500
578,2023-07-12,Child,13,156
579,2023-07-12,Senior,19,285
580,2023-07-13,Adult,13,325
581,2023-07-13,Child,20,240
582,2023-07-13,Senior,26,390
583,2023-07-14,Adult,25,625
584,2023-07-14,Child,13,156
585,2023-07-14,Senior,19,285
586,2023-07-15,Adult,42,1050
587,2023-07-15,Child,56,672
588,2023-07-15,Senior,68,1020
589,2023-07-16,Adult,58,1450
590,2023-07-16,Child,37,444
591,2023-07-16,Senior,31,465
592,2023-07-17,Adult,14,350
593,2023-07-17,Child,18,216
594,2023-07-17,Senior,14,210
595,2023-07-18,Adult,13,325
596,2023-07-18,Child,16,192
597,2023-07-18,Senior,15,225
598,2023-07-19,Adult,24,600
599,2023-07-19,Child,29,348
600,2023-07-19,Senior,23,345
601,2023-07-20,Adult,15,375
602,2023-07-20,Child,14,168
603,2023-07-20,Senior,29,435
604,2023-07-21,Adult,27,675
605,2023-07-21,Child,20,240
606,2023-07-21,Senior,24,360
607,2023-07-22,Adult,73,1825
608,2023-07-22,Child,61,732
609,2023-07-22,Senior,57,855
610,2023-07-23,Adult,55,1375
611,2023-07-23,Child,45,540
612,2023-07-23,Senior,49,735
613,2023-07-24,Adult,19,475
614,2023-07-24,Child,23,276
615,2023-07-24,Senior,24,360
616,2023-07-25,Adult,12,300
617,2023-07-25,Child,26,312
618,2023-07-25,Senior,23,345
619,2023-07-26,Adult,21,525
620,2023-07-26,Child,28,336
621,2023-07-26,Senior,20,300
622,2023-07-27,Adult,17,425
623,2023-07-27,Child,15,180
624,2023-07-27,Senior,17,255
625,2023-07-28,Adult,22,550
626,2023-07-28,Child,21,252
627,2023-07-28,Senior,18,270
628,2023-07-29,Adult,56,1400
629,2023-07-29,Child,66,792
630,2023-07-29,Senior,70,1050
631,2023-07-30,Adult,74,1850
632,2023-07-30,Child,41,492
633,2023-07-30,Senior,69,1035
634,2023-07-31,Adult,16,400
635,2023-07-31,Child,20,240
636,2023-07-31,Senior,13,195
637,2023-08-01,Adult,24,600
638,2023-08-01,Child,23,276
639,2023-08-01,Senior,25,375
640,2023-08-02,Adult,27,675
641,2023-08-02,Child,14,168
642,2023-08-02,Senior,13,195
643,2023-08-03,Adult,22,550
644,2023-08-03,Child,21,252
645,2023-08-03,Senior,16,240
646,2023-08-04,Adult,18,450
647,2023-08-04,Child,19,228
648,2023-08-04,Senior,25,375
649,2023-08-05,Adult,51,1275
650,2023-08-05,Child,43,516
651,2023-08-05,Senior,38,570
652,2023-08-06,Adult,32,800
653,2023-08-06,Child,56,672
654,2023-08-06,Senior,40,600
655,2023-08-07,Adult,19,475
656,2023-08-07,Child,15,180
657,2023-08-07,Senior,23,345
658,2023-08-08,Adult,28,700
659,2023-08-08,Child,22,264
660,2023-08-08,Senior,20,300
661,2023-08-09,Adult,15,375
662,2023-08-09,Child,18,216
663,2023-08-09,Senior,24,360
664,2023-08-10,Adult,23,575
665,2023-08-10,Child,21,252
666,2023-08-10,Senior,26,390
667,2023-08-11,Adult,19,475
668,2023-08-11,Child,27,324
669,2023-08-11,Senior,28,420
670,2023-08-12,Adult,39,975
671,2023-08-12,Child,62,744
672,2023-08-12,Senior,49,735
673,2023-08-13,Adult,73,1825
674,2023-08-13,Child,32,384
675,2023-08-13,Senior,43,645
676,2023-08-14,Adult,22,550
677,2023-08-14,Child,28,336
678,2023-08-14,Senior,15,225
679,2023-08-15,Adult,14,350
680,2023-08-15,Child,27,324
681,2023-08-15,Senior,18,270
682,2023-08-16,Adult,12,300
683,2023-08-16,Child,20,240
684,2023-08-16,Senior,24,360
685,2023-08-17,Adult,24,600
686,2023-08-17,Child,24,288
687,2023-08-17,Senior,28,420
688,2023-08-18,Adult,24,600
689,2023-08-18,Child,24,288
690,2023-08-18,Senior,29,435
691,2023-08-19,Adult,66,1650
692,2023-08-19,Child,39,468
693,2023-08-19,Senior,32,480
694,2023-08-20,Adult,62,1550
695,2023-08-20,Child,53,636
696,2023-08-20,Senior,51,765
697,2023-08-21,Adult,27,675
698,2023-08-21,Child,14,168
699,2023-08-21,Senior,20,300
700,2023-08-22,Adult,14,350
701,2023-08-22,Child,22,264
702,2023-08-22,Senior,22,330
703,2023-08-23,Adult,15,375
704,2023-08-23,Child,25,300
705,2023-08-23,Senior,16,240
706,2023-08-24,Adult,13,325
707,2023-08-24,Child,17,204
708,2023-08-24,Senior,25,375
709,2023-08-25,Adult,25,625
710,2023-08-25,Child,19,228
711,2023-08-25,Senior,25,375
712,2023-08-26,Adult,40,1000
713,2023-08-26,Child,40,480
714,2023-08-26,Senior,39,585
715,2023-08-27,Adult,62,1550
716,2023-08-27,Child,55,660
717,2023-08-27,Senior,62,930
718,2023-08-28,Adult,22,550
719,2023-08-28,Child,17,204
720,2023-08-28,Senior,24,360
721,2023-08-29,Adult,25,625
722,2023-08-29,Child,14,168
723,2023-08-29,Senior,19,285
724,2023-08-30,Adult,21,525
725,2023-08-30,Child,25,300
726,2023-08-30,Senior,29,435
727,2023-08-31,Adult,16,400
728,2023-08-31,Child,12,144
729,2023-08-31,Senior,13,195
730,2023-09-01,Adult,14,350
731,2023-09-01,Child,28,336
732,2023-09-01,Senior,15,225
733,2023-09-02,Adult,42,1050
734,2023-09-02,Child,50,600
735,2023-09-02,Senior,52,780
736,2023-09-03,Adult,63,1575
737,2023-09-03,Child,60,720
738,2023-09-03,Senior,37,555
739,2023-09-04,Adult,17,425
740,2023-09-04,Child,23,276
741,2023-09-04,Senior,18,270
742,2023-09-05,Adult,25,625
743,2023-09-05,Child,20,240
744,2023-09-05,Senior,17,255
745,2023-09-06,Adult,14,350
746,2023-09-06,Child,12,144
747,2023-09-06,Senior,22,330
748,2023-09-07,Adult,19,475
749,2023-09-07,Child,21,252
750,2023-09-07,Senior,20,300
751,2023-09-08,Adult,29,725
752,2023-09-08,Child,18,216
753,2023-09-08,Senior,21,315
754,2023-09-09,Adult,66,1650
755,2023-09-09,Child,53,636
756,2023-09-09,Senior,72,1080
757,2023-09-10,Adult,43,1075
758,2023-09-10,Child,51,612
759,2023-09-10,Senior,55,825
760,2023-09-11,Adult,20,500
761,2023-09-11,Child,20,240
762,2023-09-11,Senior,14,210
763,2023-09-12,Adult,26,650
764,2023-09-12,Child,21,252
765,2023-09-12,Senior,28,420
766,2023-09-13,Adult,15,375
767,2023-09-13,Child,14,168
768,2023-09-13,Senior,26,390
769,2023-09-14,Adult,12,300
770,2023-09-14,Child,17,204
771,2023-09-14,Senior,24,360
772,2023-09-15,Adult,17,425
773,2023-09-15,Child,16,192
774,2023-09-15,Senior,15,225
775,2023-09-16,Adult,61,1525
776,2023-09-16,Child,56,672
777,2023-09-16,Senior,73,1095
778,2023-09-17,Adult,31,775
779,2023-09-17,Child,39,468
780,2023-09-17,Senior,62,930
781,2023-09-18,Adult,17,425
782,2023-09-18,Child,29,348
783,2023-09-18,Senior,13,195
784,2023-09-19,Adult,18,450
785,2023-09-19,Child,12,144
786,2023-09-19,Senior,22,330
787,2023-09-20,Adult,16,400
788,2023-09-20,Child,13,156
789,2023-09-20,Senior,20,300
790,2023-09-21,Adult,29,725
791,2023-09-21,Child,18,216
792,2023-09-21,Senior,28,420
793,2023-09-22,Adult,21,525
794,2023-09-22,Child,28,336
795,2023-09-22,Senior,13,195
796,2023-09-23,Adult,53,1325
797,2023-09-23,Child,65,780
798,2023-09-23,Senior,58,870
799,2023-09-24,Adult,71,1775
800,2023-09-24,Child,41,492
801,2023-09-24,Senior,40,600
802,2023-09-25,Adult,22,550
803,2023-09-25,Child,27,324
804,2023-09-25,Senior,20,300
805,2023-09-26,Adult,16,400
806,2023-09-26,Child,19,228
807,2023-09-26,Senior,24,360
808,2023-09-27,Adult,25,625
809,2023-09-27,Child,25,300
810,2023-09-27,Senior,16,240
811,2023-09-28,Adult,25,625
812,2023-09-28,Child,23,276
813,2023-09-28,Senior,17,255
814,2023-09-29,Adult,16,400
815,2023-09-29,Child,22,264
816,2023-09-29,Senior,22,330
817,2023-09-30,Adult,72,1800
818,2023-09-30,Child,58,696
819,2023-09-30,Senior,35,525
820,2023-10-01,Adult,66,1650
821,2023-10-01,Child,45,540
822,2023-10-01,Senior,63,945
823,2023-10-02,Adult,21,525
824,2023-10-02,Child,26,312
825,2023-10-02,Senior,21,315
826,2023-10-03,Adult,15,375
827,2023-10-03,Child,25,300
828,2023-10-03,Senior,29,435
829,2023-10-04,Adult,14,350
830,2023-10-04,Child,22,264
831,2023-10-04,Senior,23,345
832,2023-10-05,Adult,24,600
833,2023-10-05,Child,15,180
834,2023-10-05,Senior,23,345
835,2023-10-06,Adult,17,425
836,2023-10-06,Child,26,312
837,2023-10-06,Senior,24,360
838,2023-10-07,Adult,31,775
839,2023-10-07,Child,69,828
840,2023-10-07,Senior,54,810
841,2023-10-08,Adult,55,1375
842,2023-10-08,Child,36,432
843,2023-10-08,Senior,50,750
844,2023-10-09,Adult,18,450
845,2023-10-09,Child,15,180
846,2023-10-09,Senior,12,180
847,2023-10-10,Adult,19,475
848,2023-10-10,Child,13,156
849,2023-10-10,Senior,25,375
850,2023-10-11,Adult,20,500
851,2023-10-11,Child,26,312
852,2023-10-11,Senior,22,330
853,2023-10-12,Adult,19,475
854,2023-10-12,Child,23,276
855,2023-10-12,Senior,12,180
856,2023-10-13,Adult,19,475
857,2023-10-13,Child,27,324
858,2023-10-13,Senior,22,330
859,2023-10-14,Adult,49,1225
860,2023-10-14,Child,71,852
861,2023-10-14,Senior,62,930
862,2023-10-15,Adult,48,1200
863,2023-10-15,Child,68,816
864,2023-10-15,Senior,44,660
865,2023-10-16,Adult,23,575
866,2023-10-16,Child,27,324
867,2023-10-16,Senior,28,420
868,2023-10-17,Adult,12,300
869,2023-10-17,Child,19,228
870,2023-10-17,Senior,13,195
871,2023-10-18,Adult,20,500
872,2023-10-18,Child,21,252
873,2023-10-18,Senior,17,255
874,2023-10-19,Adult,22,550
875,2023-10-19,Child,26,312
876,2023-10-19,Senior,22,330
877,2023-10-20,Adult,15,375
878,2023-10-20,Child,16,192
879,2023-10-20,Senior,20,300
880,2023-10-21,Adult,36,900
881,2023-10-21,Child,55,660
882,2023-10-21,Senior,51,765
883,2023-10-22,Adult,62,1550
884,2023-10-22,Child,31,372
885,2023-10-22,Senior,45,675
886,2023-10-23,Adult,18,450
887,2023-10-23,Child,26,312
888,2023-10-23,Senior,14,210
889,2023-10-24,Adult,14,350
890,2023-10-24,Child,20,240
891,2023-10-24,Senior,27,405
892,2023-10-25,Adult,18,450
893,2023-10-25,Child,22,264
894,2023-10-25,Senior,18,270
895,2023-10-26,Adult,16,400
896,2023-10-26,Child,19,228
897,2023-10-26,Senior,19,285
898,2023-10-27,Adult,19,475
899,2023-10-27,Child,17,204
900,2023-10-27,Senior,20,300
901,2023-10-28,Adult,40,1000
902,2023-10-28,Child,72,864
903,2023-10-28,Senior,69,1035
904,2023-10-29,Adult,47,1175
905,2023-10-29,Child,65,780
906,2023-10-29,Senior,39,585
907,2023-10-30,Adult,18,450
908,2023-10-30,Child,27,324
909,2023-10-30,Senior,25,375
910,2023-10-31,Adult,29,725
911,2023-10-31,Child,23,276
912,2023-10-31,Senior,12,180
913,2023-11-01,Adult,23,575
914,2023-11-01,Child,17,204
915,2023-11-01,Senior,18,270
916,2023-11-02,Adult,14,350
917,2023-11-02,Child,29,348
918,2023-11-02,Senior,22,330
919,2023-11-03,Adult,26,650
920,2023-11-03,Child,22,264
921,2023-11-03,Senior,27,405
922,2023-11-04,Adult,49,1225
923,2023-11-04,Child,31,372
924,2023-11-04,Senior,31,465
925,2023-11-05,Adult,48,1200
926,2023-11-05,Child,70,840
927,2023-11-05,Senior,71,1065
928,2023-11-06,Adult,19,475
929,2023-11-06,Child,13,156
930,2023-11-06,Senior,12,180
931,2023-11-07,Adult,25,625
932,2023-11-07,Child,27,324
933,2023-11-07,Senior,23,345
934,2023-11-08,Adult,16,400
935,2023-11-08,Child,27,324
936,2023-11-08,Senior,24,360
937,2023-11-09,Adult,28,700
938,2023-11-09,Child,28,336
939,2023-11-09,Senior,21,315
940,2023-11-10,Adult,14,350
941,2023-11-10,Child,24,288
942,2023-11-10,Senior,15,225
943,2023-11-11,Adult,35,875
944,2023-11-11,Child,31,372
945,2023-11-11,Senior,30,450
946,2023-11-12,Adult,64,1600
947,2023-11-12,Child,63,756
948,2023-11-12,Senior,30,450
949,2023-11-13,Adult,20,500
950,2023-11-13,Child,16,192
951,2023-11-13,Senior,16,240
952,2023-11-14,Adult,14,350
953,2023-11-14,Child,16,192
954,2023-11-14,Senior,12,180
955,2023-11-15,Adult,17,425
956,2023-11-15,Child,25,300
957,2023-11-15,Senior,23,345
958,2023-11-16,Adult,17,425
959,2023-11-16,Child,21,252
960,2023-11-16,Senior,20,300
961,2023-11-17,Adult,20,500
962,2023-11-17,Child,28,336
963,2023-11-17,Senior,20,300
964,2023-11-18,Adult,52,1300
965,2023-11-18,Child,62,744
966,2023-11-18,Senior,35,525
967,2023-11-19,Adult,42,1050
968,2023-11-19,Child,59,708
969,2023-11-19,Senior,45,675
970,2023-11-20,Adult,28,700
971,2023-11-20,Child,17,204
972,2023-11-20,Senior,26,390
973,2023-11-21,Adult,18,450
974,2023-11-21,Child,17,204
975,2023-11-21,Senior,24,360
976,2023-11-22,Adult,20,500
977,2023-11-22,Child,28,336
978,2023-11-22,Senior,14,210
979,2023-11-23,Adult,25,625
980,2023-11-23,Child,18,216
981,2023-11-23,Senior,12,180
982,2023-11-24,Adult,28,700
983,2023-11-24,Child,14,168
984,2023-11-24,Senior,22,330
985,2023-11-25,Adult,62,1550
986,2023-11-25,Child,46,552
987,2023-11-25,Senior,60,900
988,2023-11-26,Adult,49,1225
989,2023-11-26,Child,71,852
990,2023-11-26,Senior,64,960
991,2023-11-27,Adult,24,600
992,2023-11-27,Child,12,144
993,2023-11-27,Senior,26,390
994,2023-11-28,Adult,24,600
995,2023-11-28,Child,27,324
996,2023-11-28,Senior,18,270
997,2023-11-29,Adult,17,425
998,2023-11-29,Child,22,264
999,2023-11-29,Senior,21,315
1000,2023-11-30,Adult,26,650
1001,2023-11-30,Child,12,144
1002,2023-11-30,Senior,22,330
1003,2023-12-01,Adult,21,525
1004,2023-12-01,Child,21,252
1005,2023-12-01,Senior,13,195
1006,2023-12-02,Adult,39,975
1007,2023-12-02,Child,61,732
1008,2023-12-02,Senior,51,765
1009,2023-12-03,Adult,37,925
1010,2023-12-03,Child,66,792
1011,2023-12-03,Senior,46,690
1012,2023-12-04,Adult,16,400
1013,2023-12-04,Child,13,156
1014,2023-12-04,Senior,26,390
1015,2023-12-05,Adult,23,575
1016,2023-12-05,Child,15,180
1017,2023-12-05,Senior,17,255
1018,2023-12-06,Adult,21,525
1019,2023-12-06,Child,26,312
1020,2023-12-06,Senior,24,360
1021,2023-12-07,Adult,13,325
1022,2023-12-07,Child,27,324
1023,2023-12-07,Senior,18,270
1024,2023-12-08,Adult,22,550
1025,2023-12-08,Child,18,216
1026,2023-12-08,Senior,15,225
1027,2023-12-09,Adult,59,1475
1028,2023-12-09,Child,37,444
1029,2023-12-09,Senior,55,825
1030,2023-12-10,Adult,64,1600
1031,2023-12-10,Child,37,444
1032,2023-12-10,Senior,54,810
1033,2023-12-11,Adult,19,475
1034,2023-12-11,Child,25,300
1035,2023-12-11,Senior,18,270
1036,2023-12-12,Adult,14,350
1037,2023-12-12,Child,15,180
1038,2023-12-12,Senior,14,210
1039,2023-12-13,Adult,27,675
1040,2023-12-13,Child,23,276
1041,2023-12-13,Senior,24,360
1042,2023-12-14,Adult,15,375
1043,2023-12-14,Child,16,192
1044,2023-12-14,Senior,20,300
1045,2023-12-15,Adult,12,300
1046,2023-12-15,Child,15,180
1047,2023-12-15,Senior,16,240
1048,2023-12-16,Adult,69,1725
1049,2023-12-16,Child,34,408
1050,2023-12-16,Senior,38,570
1051,2023-12-17,Adult,31,775
1052,2023-12-17,Child,57,684
1053,2023-12-17,Senior,64,960
1054,2023-12-18,Adult,17,425
1055,2023-12-18,Child,18,216
1056,2023-12-18,Senior,28,420
1057,2023-12-19,Adult,12,300
1058,2023-12-19,Child,12,144
1059,2023-12-19,Senior,24,360
1060,2023-12-20,Adult,26,650
1061,2023-12-20,Child,17,204
1062,2023-12-20,Senior,18,270
1063,2023-12-21,Adult,24,600
1064,2023-12-21,Child,19,228
1065,2023-12-21,Senior,12,180
1066,2023-12-22,Adult,21,525
1067,2023-12-22,Child,23,276
1068,2023-12-22,Senior,26,390
1069,2023-12-23,Adult,61,1525
1070,2023-12-23,Child,50,600
1071,2023-12-23,Senior,31,465
1072,2023-12-24,Adult,38,950
1073,2023-12-24,Child,39,468
1074,2023-12-24,Senior,51,765
1075,2023-12-25,Adult,26,650
1076,2023-12-25,Child,21,252
1077,2023-12-25,Senior,14,210
1078,2023-12-26,Adult,27,675
1079,2023-12-26,Child,22,264
1080,2023-12-26,Senior,23,345
1081,2023-12-27,Adult,17,425
1082,2023-12-27,Child,17,204
1083,2023-12-27,Senior,13,195
1084,2023-12-28,Adult,25,625
1085,2023-12-28,Child,24,288
1086,2023-12-28,Senior,17,255
1087,2023-12-29,Adult,22,550
1088,2023-12-29,Child,19,228
1089,2023-12-29,Senior,13,195
1090,2023-12-30,Adult,42,1050
1091,2023-12-30,Child,50,600
1092,2023-12-30,Senior,50,750
1093,2023-12-31,Adult,44,1100
1094,2023-12-31,Child,69,828
1095,2023-12-31,Senior,53,795
1096,2024-01-01,Adult,24,600
1097,2024-01-01,Child,14,168
1098,2024-01-01,Senior,25,375
1099,2024-01-02,Adult,14,350
1100,2024-01-02,Child,16,192
1101,2024-01-02,Senior,27,405
1102,2024-01-03,Adult,25,625
1103,2024-01-03,Child,12,144
1104,2024-01-03,Senior,28,420
1105,2024-01-04,Adult,18,450
1106,2024-01-04,Child,20,240
1107,2024-01-04,Senior,23,345
1108,2024-01-05,Adult,21,525
1109,2024-01-05,Child,16,192
1110,2024-01-05,Senior,15,225
1111,2024-01-06,Adult,65,1625
1112,2024-01-06,Child,69,828
1113,2024-01-06,Senior,49,735
1114,2024-01-07,Adult,58,1450
1115,2024-01-07,Child,68,816
1116,2024-01-07,Senior,42,630
1117,2024-01-08,Adult,21,525
1118,2024-01-08,Child,14,168
1119,2024-01-08,Senior,28,420
1120,2024-01-09,Adult,22,550
1121,2024-01-09,Child,13,156
1122,2024-01-09,Senior,26,390
1123,2024-01-10,Adult,25,625
1124,2024-01-10,Child,23,276
1125,2024-01-10,Senior,28,420
1126,2024-01-11,Adult,23,575
1127,2024-01-11,Child,15,180
1128,2024-01-11,Senior,22,330
1129,2024-01-12,Adult,26,650
1130,2024-01-12,Child,12,144
1131,2024-01-12,Senior,18,270
1132,2024-01-13,Adult,61,1525
1133,2024-01-13,Child,31,372
1134,2024-01-13,Senior,58,870
1135,2024-01-14,Adult,56,1400
1136,2024-01-14,Child,58,696
1137,2024-01-14,Senior,59,885
1138,2024-01-15,Adult,12,300
1139,2024-01-15,Child,24,288
1140,2024-01-15,Senior,12,180
1141,2024-01-16,Adult,20,500
1142,2024-01-16,Child,15,180
1143,2024-01-16,Senior,25,375
1144,2024-01-17,Adult,18,450
1145,2024-01-17,Child,24,288
1146,2024-01-17,Senior,26,390
1147,2024-01-18,Adult,25,625
1148,2024-01-18,Child,23,276
1149,2024-01-18,Senior,26,390
1150,2024-01-19,Adult,20,500
1151,2024-01-19,Child,19,228
1152,2024-01-19,Senior,22,330
1153,2024-01-20,Adult,44,1100
1154,2024-01-20,Child,53,636
1155,2024-01-20,Senior,71,1065
1156,2024-01-21,Adult,34,850
1157,2024-01-21,Child,34,408
1158,2024-01-21,Senior,53,795
1159,2024-01-22,Adult,16,400
1160,2024-01-22,Child,27,324
1161,2024-01-22,Senior,19,285
1162,2024-01-23,Adult,14,350
1163,2024-01-23,Child,23,276
1164,2024-01-23,Senior,29,435
1165,2024-01-24,Adult,21,525
1166,2024-01-24,Child,17,204
1167,2024-01-24,Senior,17,255
1168,2024-01-25,Adult,16,400
1169,2024-01-25,Child,17,204
1170,2024-01-25,Senior,26,390
1171,2024-01-26,Adult,13,325
1172,2024-01-26,Child,27,324
1173,2024-01-26,Senior,26,390
1174,2024-01-27,Adult,64,1600
1175,2024-01-27,Child,33,396
1176,2024-01-27,Senior,60,900
1177,2024-01-28,Adult,55,1375
1178,2024-01-28,Child,44,528
1179,2024-01-28,Senior,42,630
1180,2024-01-29,Adult,18,450
1181,2024-01-29,Child,29,348
1182,2024-01-29,Senior,12,180
1183,2024-01-30,Adult,26,650
1184,2024-01-30,Child,23,276
1185,2024-01-30,Senior,28,420
1186,2024-01-31,Adult,24,600
1187,2024-01-31,Child,22,264
1188,2024-01-31,Senior,14,210
1189,2024-02-01,Adult,15,375
1190,2024-02-01,Child,24,288
1191,2024-02-01,Senior,12,180
1192,2024-02-02,Adult,29,725
1193,2024-02-02,Child,14,168
1194,2024-02-02,Senior,25,375
1195,2024-02-03,Adult,71,1775
1196,2024-02-03,Child,65,780
1197,2024-02-03,Senior,30,450
1198,2024-02-04,Adult,31,775
1199,2024-02-04,Child,61,732
1200,2024-02-04,Senior,65,975
1201,2024-02-05,Adult,14,350
1202,2024-02-05,Child,15,180
1203,2024-02-05,Senior,22,330
1204,2024-02-06,Adult,15,375
1205,2024-02-06,Child,20,240
1206,2024-02-06,Senior,25,375
1207,2024-02-07,Adult,23,575
1208,2024-02-07,Child,27,324
1209,2024-02-07,Senior,29,435
1210,2024-02-08,Adult,24,600
1211,2024-02-08,Child,19,228
1212,2024-02-08,Senior,15,225
1213,2024-02-09,Adult,22,550
1214,2024-02-09,Child,23,276
1215,2024-02-09,Senior,24,360
1216,2024-02-10,Adult,73,1825
1217,2024-02-10,Child,48,576
1218,2024-02-10,Senior,56,840
1219,2024-02-11,Adult,51,1275
1220,2024-02-11,Child,51,612
1221,2024-02-11,Senior,36,540
1222,2024-02-12,Adult,28,700
1223,2024-02-12,Child,19,228
1224,2024-02-12,Senior,27,405
1225,2024-02-13,Adult,27,675
1226,2024-02-13,Child,19,228
1227,2024-02-13,Senior,13,195
1228,2024-02-14,Adult,12,300
1229,2024-02-14,Child,18,216
1230,2024-02-14,Senior,17,255
1231,2024-02-15,Adult,20,500
1232,2024-02-15,Child,27,324
1233,2024-02-15,Senior,25,375
1234,2024-02-16,Adult,21,525
1235,2024-02-16,Child,14,168
1236,2024-02-16,Senior,14,210
1237,2024-02-17,Adult,35,875
1238,2024-02-17,Child,66,792
1239,2024-02-17,Senior,48,720
1240,2024-02-18,Adult,31,775
1241,2024-02-18,Child,51,612
1242,2024-02-18,Senior,58,870
1243,2024-02-19,Adult,12,300
1244,2024-02-19,Child,17,204
1245,2024-02-19,Senior,25,375
1246,2024-02-20,Adult,29,725
1247,2024-02-20,Child,15,180
1248,2024-02-20,Senior,22,330
1249,2024-02-21,Adult,18,450
1250,2024-02-21,Child,19,228
1251,2024-02-21,Senior,19,285
1252,2024-02-22,Adult,27,675
1253,2024-02-22,Child,21,252
1254,2024-02-22,Senior,18,270
1255,2024-02-23,Adult,17,425
1256,2024-02-23,Child,28,336
1257,2024-02-23,Senior,25,375
1258,2024-02-24,Adult,71,1775
1259,2024-02-24,Child,61,732
1260,2024-02-24,Senior,57,855
1261,2024-02-25,Adult,40,1000
1262,2024-02-25,Child,46,552
1263,2024-02-25,Senior,65,975
1264,2024-02-26,Adult,16,400
1265,2024-02-26,Child,28,336
1266,2024-02-26,Senior,17,255
1267,2024-02-27,Adult,28,700
1268,2024-02-27,Child,14,168
1269,2024-02-27,Senior,15,225
1270,2024-02-28,Adult,22,550
1271,2024-02-28,Child,22,264
1272,2024-02-28,Senior,15,225
1273,2024-02-29,Adult,17,425
1274,2024-02-29,Child,15,180
1275,2024-02-29,Senior,25,375
1276,2024-03-01,Adult,15,375
1277,2024-03-01,Child,16,192
1278,2024-03-01,Senior,16,240
1279,2024-03-02,Adult,38,950
1280,2024-03-02,Child,53,636
1281,2024-03-02,Senior,63,945
1282,2024-03-03,Adult,45,1125
1283,2024-03-03,Child,63,756
1284,2024-03-03,Senior,61,915
1285,2024-03-04,Adult,19,475
1286,2024-03-04,Child,19,228
1287,2024-03-04,Senior,21,315
1288,2024-03-05,Adult,26,650
1289,2024-03-05,Child,20,240
1290,2024-03-05,Senior,26,390
1291,2024-03-06,Adult,24,600
1292,2024-03-06,Child,20,240
1293,2024-03-06,Senior,18,270
1294,2024-03-07,Adult,15,375
1295,2024-03-07,Child,23,276
1296,2024-03-07,Senior,19,285
1297,2024-03-08,Adult,16,400
1298,2024-03-08,Child,24,288
1299,2024-03-08,Senior,27,405
1300,2024-03-09,Adult,46,1150
1301,2024-03-09,Child,68,816
1302,2024-03-09,Senior,70,1050
1303,2024-03-10,Adult,54,1350
1304,2024-03-10,Child,63,756
1305,2024-03-10,Senior,37,555
1306,2024-03-11,Adult,13,325
1307,2024-03-11,Child,14,168
1308,2024-03-11,Senior,13,195
1309,2024-03-12,Adult,19,475
1310,2024-03-12,Child,24,288
1311,2024-03-12,Senior,27,405
1312,2024-03-13,Adult,14,350
1313,2024-03-13,Child,13,156
1314,2024-03-13,Senior,22,330
1315,2024-03-14,Adult,21,525
1316,2024-03-14,Child,23,276
1317,2024-03-14,Senior,26,390
1318,2024-03-15,Adult,24,600
1319,2024-03-15,Child,20,240
1320,2024-03-15,Senior,22,330
1321,2024-03-16,Adult,43,1075
1322,2024-03-16,Child,35,420
1323,2024-03-16,Senior,39,585
1324,2024-03-17,Adult,34,850
1325,2024-03-17,Child,52,624
1326,2024-03-17,Senior,68,1020
1327,2024-03-18,Adult,19,475
1328,2024-03-18,Child,14,168
1329,2024-03-18,Senior,24,360
1330,2024-03-19,Adult,20,500
1331,2024-03-19,Child,17,204
1332,2024-03-19,Senior,28,420
1333,2024-03-20,Adult,28,700
1334,2024-03-20,Child,23,276
1335,2024-03-20,Senior,14,210
1336,2024-03-21,Adult,14,350
1337,2024-03-21,Child,23,276
1338,2024-03-21,Senior,28,420
1339,2024-03-22,Adult,23,575
1340,2024-03-22,Child,15,180
1341,2024-03-22,Senior,23,345
1342,2024-03-23,Adult,42,1050
1343,2024-03-23,Child,48,576
1344,2024-03-23,Senior,72,1080
1345,2024-03-24,Adult,51,1275
1346,2024-03-24,Child,52,624
1347,2024-03-24,Senior,40,600
1348,2024-03-25,Adult,13,325
1349,2024-03-25,Child,19,228
1350,2024-03-25,Senior,23,345
1351,2024-03-26,Adult,26,650
1352,2024-03-26,Child,13,156
1353,2024-03-26,Senior,17,255
1354,2024-03-27,Adult,29,725
1355,2024-03-27,Child,22,264
1356,2024-03-27,Senior,12,180
1357,2024-03-28,Adult,17,425
1358,2024-03-28,Child,20,240
1359,2024-03-28,Senior,14,210
1360,2024-03-29,Adult,15,375
1361,2024-03-29,Child,29,348
1362,2024-03-29,Senior,20,300
1363,2024-03-30,Adult,52,1300
1364,2024-03-30,Child,60,720
1365,2024-03-30,Senior,67,1005
1366,2024-03-31,Adult,73,1825
1367,2024-03-31,Child,67,804
1368,2024-03-31,Senior,51,765
1369,2024-04-01,Adult,15,375
1370,2024-04-01,Child,16,192
1371,2024-04-01,Senior,16,240
1372,2024-04-02,Adult,29,725
1373,2024-04-02,Child,26,312
1374,2024-04-02,Senior,25,375
1375,2024-04-03,Adult,19,475
1376,2024-04-03,Child,16,192
1377,2024-04-03,Senior,27,405
1378,2024-04-04,Adult,28,700
1379,2024-04-04,Child,18,216
1380,2024-04-04,Senior,27,405
1381,2024-04-05,Adult,14,350
1382,2024-04-05,Child,23,276
1383,2024-04-05,Senior,27,405
1384,2024-04-06,Adult,60,1500
1385,2024-04-06,Child,51,612
1386,2024-04-06,Senior,41,615
1387,2024-04-07,Adult,51,1275
1388,2024-04-07,Child,37,444
1389,2024-04-07,Senior,56,840
1390,2024-04-08,Adult,24,600
1391,2024-04-08,Child,17,204
1392,2024-04-08,Senior,17,255
1393,2024-04-09,Adult,17,425
1394,2024-04-09,Child,25,300
1395,2024-04-09,Senior,12,180
1396,2024-04-10,Adult,23,575
1397,2024-04-10,Child,14,168
1398,2024-04-10,Senior,17,255
1399,2024-04-11,Adult,23,575
1400,2024-04-11,Child,13,156
1401,2024-04-11,Senior,14,210
1402,2024-04-12,Adult,14,350
1403,2024-04-12,Child,29,348
1404,2024-04-12,Senior,19,285
1405,2024-04-13,Adult,30,750
1406,2024-04-13,Child,51,612
1407,2024-04-13,Senior,51,765
1408,2024-04-14,Adult,34,850
1409,2024-04-14,Child,56,672
1410,2024-04-14,Senior,39,585
1411,2024-04-15,Adult,12,300
1412,2024-04-15,Child,23,276
1413,2024-04-15,Senior,25,375
1414,2024-04-16,Adult,23,575
1415,2024-04-16,Child,13,156
1416,2024-04-16,Senior,27,405
1417,2024-04-17,Adult,23,575
1418,2024-04-17,Child,17,204
1419,2024-04-17,Senior,25,375
1420,2024-04-18,Adult,17,425
1421,2024-04-18,Child,25,300
1422,2024-04-18,Senior,14,210
1423,2024-04-19,Adult,20,500
1424,2024-04-19,Child,18,216
1425,2024-04-19,Senior,29,435
1426,2024-04-20,Adult,64,1600
1427,2024-04-20,Child,47,564
1428,2024-04-20,Senior,43,645
1429,2024-04-21,Adult,57,1425
1430,2024-04-21,Child,54,648
1431,2024-04-21,Senior,43,645
1432,2024-04-22,Adult,15,375
1433,2024-04-22,Child,25,300
1434,2024-04-22,Senior,19,285
1435,2024-04-23,Adult,23,575
1436,2024-04-23,Child,29,348
1437,2024-04-23,Senior,14,210
1438,2024-04-24,Adult,20,500
1439,2024-04-24,Child,20,240
1440,2024-04-24,Senior,20,300
1441,2024-04-25,Adult,18,450
1442,2024-04-25,Child,16,192
1443,2024-04-25,Senior,22,330
1444,2024-04-26,Adult,20,500
1445,2024-04-26,Child,29,348
1446,2024-04-26,Senior,12,180
1447,2024-04-27,Adult,47,1175
1448,2024-04-27,Child,73,876
1449,2024-04-27,Senior,66,990
1450,2024-04-28,Adult,72,1800
1451,2024-04-28,Child,51,612
1452,2024-04-28,Senior,32,480
1453,2024-04-29,Adult,18,450
1454,2024-04-29,Child,28,336
1455,2024-04-29,Senior,29,435
1456,2024-04-30,Adult,29,725
1457,2024-04-30,Child,19,228
1458,2024-04-30,Senior,25,375
1459,2024-05-01,Adult,15,375
1460,2024-05-01,Child,12,144
1461,2024-05-01,Senior,14,210
1462,2024-05-02,Adult,20,500
1463,2024-05-02,Child,15,180
1464,2024-05-02,Senior,16,240
1465,2024-05-03,Adult,28,700
1466,2024-05-03,Child,13,156
1467,2024-05-03,Senior,17,255
1468,2024-05-04,Adult,43,1075
1469,2024-05-04,Child,62,744
1470,2024-05-04,Senior,55,825
1471,2024-05-05,Adult,45,1125
1472,2024-05-05,Child,46,552
1473,2024-05-05,Senior,69,1035
1474,2024-05-06,Adult,20,500
1475,2024-05-06,Child,28,336
1476,2024-05-06,Senior,13,195
1477,2024-05-07,Adult,17,425
1478,2024-05-07,Child,27,324
1479,2024-05-07,Senior,19,285
1480,2024-05-08,Adult,20,500
1481,2024-05-08,Child,15,180
1482,2024-05-08,Senior,28,420
1483,2024-05-09,Adult,15,375
1484,2024-05-09,Child,14,168
1485,2024-05-09,Senior,13,195
1486,2024-05-10,Adult,19,475
1487,2024-05-10,Child,25,300
1488,2024-05-10,Senior,20,300
1489,2024-05-11,Adult,67,1675
1490,2024-05-11,Child,51,612
1491,2024-05-11,Senior,61,915
1492,2024-05-12,Adult,45,1125
1493,2024-05-12,Child,74,888
1494,2024-05-12,Senior,63,945
1495,2024-05-13,Adult,21,525
1496,2024-05-13,Child,12,144
1497,2024-05-13,Senior,19,285
1498,2024-05-14,Adult,29,725
1499,2024-05-14,Child,20,240
1500,2024-05-14,Senior,17,255
1501,2024-05-15,Adult,20,500
1502,2024-05-15,Child,12,144
1503,2024-05-15,Senior,28,420
1504,2024-05-16,Adult,24,600
1505,2024-05-16,Child,21,252
1506,2024-05-16,Senior,24,360
1507,2024-05-17,Adult,15,375
1508,2024-05-17,Child,27,324
1509,2024-05-17,Senior,17,255
1510,2024-05-18,Adult,56,1400
1511,2024-05-18,Child,55,660
1512,2024-05-18,Senior,61,915
1513,2024-05-19,Adult,65,1625
1514,2024-05-19,Child,57,684
1515,2024-05-19,Senior,42,630
1516,2024-05-20,Adult,18,450
1517,2024-05-20,Child,16,192
1518,2024-05-20,Senior,26,390
1519,2024-05-21,Adult,25,625
1520,2024-05-21,Child,24,288
1521,2024-05-21,Senior,25,375
1522,2024-05-22,Adult,12,300
1523,2024-05-22,Child,16,192
1524,2024-05-22,Senior,20,300
1525,2024-05-23,Adult,14,350
1526,2024-05-23,Child,22,264
1527,2024-05-23,Senior,27,405
1528,2024-05-24,Adult,22,550
1529,2024-05-24,Child,18,216
1530,2024-05-24,Senior,24,360
1531,2024-05-25,Adult,71,1775
1532,2024-05-25,Child,52,624
1533,2024-05-25,Senior,45,675
1534,2024-05-26,Adult,41,1025
1535,2024-05-26,Child,62,744
1536,2024-05-26,Senior,55,825
1537,2024-05-27,Adult,24,600
1538,2024-05-27,Child,26,312
1539,2024-05-27,Senior,12,180
1540,2024-05-28,Adult,26,650
1541,2024-05-28,Child,26,312
1542,2024-05-28,Senior,17,255
1543,2024-05-29,Adult,28,700
1544,2024-05-29,Child,14,168
1545,2024-05-29,Senior,26,390
1546,2024-05-30,Adult,15,375
1547,2024-05-30,Child,13,156
1548,2024-05-30,Senior,12,180
1549,2024-05-31,Adult,28,700
1550,2024-05-31,Child,14,168
1551,2024-05-31,Senior,22,330
1552,2024-06-01,Adult,44,1100
1553,2024-06-01,Child,63,756
1554,2024-06-01,Senior,30,450
1555,2024-06-02,Adult,65,1625
1556,2024-06-02,Child,46,552
1557,2024-06-02,Senior,66,990
1558,2024-06-03,Adult,19,475
1559,2024-06-03,Child,27,324
1560,2024-06-03,Senior,12,180
1561,2024-06-04,Adult,13,325
1562,2024-06-04,Child,23,276
1563,2024-06-04,Senior,13,195
1564,2024-06-05,Adult,24,600
1565,2024-06-05,Child,17,204
1566,2024-06-05,Senior,17,255
1567,2024-06-06,Adult,21,525
1568,2024-06-06,Child,25,300
1569,2024-06-06,Senior,18,270
1570,2024-06-07,Adult,28,700
1571,2024-06-07,Child,14,168
1572,2024-06-07,Senior,25,375
1573,2024-06-08,Adult,40,1000
1574,2024-06-08,Child,70,840
1575,2024-06-08,Senior,31,465
1576,2024-06-09,Adult,67,1675
1577,2024-06-09,Child,34,408
1578,2024-06-09,Senior,48,720
1579,2024-06-10,Adult,18,450
1580,2024-06-10,Child,25,300
1581,2024-06-10,Senior,28,420
1582,2024-06-11,Adult,22,550
1583,2024-06-11,Child,17,204
1584,2024-06-11,Senior,16,240
1585,2024-06-12,Adult,22,550
1586,2024-06-12,Child,13,156
1587,2024-06-12,Senior,14,210
1588,2024-06-13,Adult,24,600
1589,2024-06-13,Child,25,300
1590,2024-06-13,Senior,15,225
1591,2024-06-14,Adult,22,550
1592,2024-06-14,Child,15,180
1593,2024-06-14,Senior,26,390
1594,2024-06-15,Adult,53,1325
1595,2024-06-15,Child,58,696
1596,2024-06-15,Senior,59,885
1597,2024-06-16,Adult,47,1175
1598,2024-06-16,Child,46,552
1599,2024-06-16,Senior,60,900
1600,2024-06-17,Adult,29,725
1601,2024-06-17,Child,23,276
1602,2024-06-17,Senior,16,240
1603,2024-06-18,Adult,26,650
1604,2024-06-18,Child,25,300
1605,2024-06-18,Senior,16,240
1606,2024-06-19,Adult,21,525
1607,2024-06-19,Child,28,336
1608,2024-06-19,Senior,14,210
1609,2024-06-20,Adult,20,500
1610,2024-06-20,Child,26,312
1611,2024-06-20,Senior,18,270
1612,2024-06-21,Adult,22,550
1613,2024-06-21,Child,23,276
1614,2024-06-21,Senior,21,315
1615,2024-06-22,Adult,57,1425
1616,2024-06-22,Child,45,540
1617,2024-06-22,Senior,55,825
1618,2024-06-23,Adult,36,900
1619,2024-06-23,Child,54,648
1620,2024-06-23,Senior,61,915
1621,2024-06-24,Adult,27,675
1622,2024-06-24,Child,16,192
1623,2024-06-24,Senior,14,210
1624,2024-06-25,Adult,19,475
1625,2024-06-25,Child,16,192
1626,2024-06-25,Senior,28,420
1627,2024-06-26,Adult,15,375
1628,2024-06-26,Child,24,288
1629,2024-06-26,Senior,12,180
1630,2024-06-27,Adult,21,525
1631,2024-06-27,Child,18,216
1632,2024-06-27,Senior,23,345
1633,2024-06-28,Adult,20,500
1634,2024-06-28,Child,22,264
1635,2024-06-28,Senior,22,330
1636,2024-06-29,Adult,59,1475
1637,2024-06-29,Child,63,756
1638,2024-06-29,Senior,42,630
1639,2024-06-30,Adult,33,825
1640,2024-06-30,Child,68,816
1641,2024-06-30,Senior,43,645
1642,2024-07-01,Adult,29,725
1643,2024-07-01,Child,22,264
1644,2024-07-01,Senior,27,405
1645,2024-07-02,Adult,21,525
1646,2024-07-02,Child,29,348
1647,2024-07-02,Senior,28,420
1648,2024-07-03,Adult,16,400
1649,2024-07-03,Child,20,240
1650,2024-07-03,Senior,17,255
1651,2024-07-04,Adult,19,475
1652,2024-07-04,Child,20,240
1653,2024-07-04,Senior,23,345
1654,2024-07-05,Adult,22,550
1655,2024-07-05,Child,16,192
1656,2024-07-05,Senior,23,345
1657,2024-07-06,Adult,42,1050
1658,2024-07-06,Child,41,492
1659,2024-07-06,Senior,60,900
1660,2024-07-07,Adult,57,1425
1661,2024-07-07,Child,51,612
1662,2024-07-07,Senior,69,1035
1663,2024-07-08,Adult,25,625
1664,2024-07-08,Child,13,156
1665,2024-07-08,Senior,20,300
1666,2024-07-09,Adult,23,575
1667,2024-07-09,Child,24,288
1668,2024-07-09,Senior,25,375
1669,2024-07-10,Adult,25,625
1670,2024-07-10,Child,15,180
1671,2024-07-10,Senior,14,210
1672,2024-07-11,Adult,15,375
1673,2024-07-11,Child,21,252
1674,2024-07-11,Senior,22,330
1675,2024-07-12,Adult,23,575
1676,2024-07-12,Child,19,228
1677,2024-07-12,Senior,17,255
1678,2024-07-13,Adult,33,825
1679,2024-07-13,Child,31,372
1680,2024-07-13,Senior,71,1065
1681,2024-07-14,Adult,47,1175
1682,2024-07-14,Child,44,528
1683,2024-07-14,Senior,48,720
1684,2024-07-15,Adult,17,425
1685,2024-07-15,Child,19,228
1686,2024-07-15,Senior,23,345
1687,2024-07-16,Adult,24,600
1688,2024-07-16,Child,13,156
1689,2024-07-16,Senior,13,195
1690,2024-07-17,Adult,18,450
1691,2024-07-17,Child,19,228
1692,2024-07-17,Senior,19,285
1693,2024-07-18,Adult,12,300
1694,2024-07-18,Child,21,252
1695,2024-07-18,Senior,28,420
1696,2024-07-19,Adult,25,625
1697,2024-07-19,Child,14,168
1698,2024-07-19,Senior,20,300
1699,2024-07-20,Adult,38,950
1700,2024-07-20,Child,63,756
1701,2024-07-20,Senior,47,705
1702,2024-07-21,Adult,49,1225
1703,2024-07-21,Child,43,516
1704,2024-07-21,Senior,42,630
1705,2024-07-22,Adult,12,300
1706,2024-07-22,Child,27,324
1707,2024-07-22,Senior,16,240
1708,2024-07-23,Adult,19,475
1709,2024-07-23,Child,23,276
1710,2024-07-23,Senior,14,210
1711,2024-07-24,Adult,26,650
1712,2024-07-24,Child,25,300
1713,2024-07-24,Senior,20,300
1714,2024-07-25,Adult,18,450
1715,2024-07-25,Child,22,264
1716,2024-07-25,Senior,15,225
1717,2024-07-26,Adult,21,525
1718,2024-07-26,Child,23,276
1719,2024-07-26,Senior,22,330
1720,2024-07-27,Adult,49,1225
1721,2024-07-27,Child,33,396
1722,2024-07-27,Senior,61,915
1723,2024-07-28,Adult,70,1750
1724,2024-07-28,Child,41,492
1725,2024-07-28,Senior,40,600
1726,2024-07-29,Adult,29,725
1727,2024-07-29,Child,22,264
1728,2024-07-29,Senior,19,285
1729,2024-07-30,Adult,14,350
1730,2024-07-30,Child,26,312
1731,2024-07-30,Senior,28,420
1732,2024-07-31,Adult,17,425
1733,2024-07-31,Child,12,144
1734,2024-07-31,Senior,17,255
1735,2024-08-01,Adult,23,575
1736,2024-08-01,Child,23,276
1737,2024-08-01,Senior,17,255
1738,2024-08-02,Adult,27,675
1739,2024-08-02,Child,21,252
1740,2024-08-02,Senior,20,300
1741,2024-08-03,Adult,34,850
1742,2024-08-03,Child,36,432
1743,2024-08-03,Senior,49,735
1744,2024-08-04,Adult,53,1325
1745,2024-08-04,Child,62,744
1746,2024-08-04,Senior,47,705
1747,2024-08-05,Adult,12,300
1748,2024-08-05,Child,15,180
1749,2024-08-05,Senior,22,330
1750,2024-08-06,Adult,18,450
1751,2024-08-06,Child,18,216
1752,2024-08-06,Senior,26,390
1753,2024-08-07,Adult,24,600
1754,2024-08-07,Child,29,348
1755,2024-08-07,Senior,28,420
1756,2024-08-08,Adult,15,375
1757,2024-08-08,Child,25,300
1758,2024-08-08,Senior,17,255
1759,2024-08-09,Adult,24,600
1760,2024-08-09,Child,27,324
1761,2024-08-09,Senior,27,405
1762,2024-08-10,Adult,50,1250
1763,2024-08-10,Child,34,408
1764,2024-08-10,Senior,48,720
1765,2024-08-11,Adult,48,1200
1766,2024-08-11,Child,30,360
1767,2024-08-11,Senior,31,465
1768,2024-08-12,Adult,19,475
1769,2024-08-12,Child,27,324
1770,2024-08-12,Senior,19,285
1771,2024-08-13,Adult,25,625
1772,2024-08-13,Child,13,156
1773,2024-08-13,Senior,15,225
1774,2024-08-14,Adult,12,300
1775,2024-08-14,Child,15,180
1776,2024-08-14,Senior,27,405
1777,2024-08-15,Adult,22,550
1778,2024-08-15,Child,17,204
1779,2024-08-15,Senior,18,270
1780,2024-08-16,Adult,16,400
1781,2024-08-16,Child,24,288
1782,2024-08-16,Senior,21,315
1783,2024-08-17,Adult,53,1325
1784,2024-08-17,Child,72,864
1785,2024-08-17,Senior,57,855
1786,2024-08-18,Adult,59,1475
1787,2024-08-18,Child,32,384
1788,2024-08-18,Senior,74,1110
1789,2024-08-19,Adult,26,650
1790,2024-08-19,Child,25,300
1791,2024-08-19,Senior,21,315
1792,2024-08-20,Adult,29,725
1793,2024-08-20,Child,26,312
1794,2024-08-20,Senior,20,300
1795,2024-08-21,Adult,13,325
1796,2024-08-21,Child,25,300
1797,2024-08-21,Senior,16,240
1798,2024-08-22,Adult,16,400
1799,2024-08-22,Child,24,288
1800,2024-08-22,Senior,27,405
1801,2024-08-23,Adult,18,450
1802,2024-08-23,Child,22,264
1803,2024-08-23,Senior,19,285
1804,2024-08-24,Adult,66,1650
1805,2024-08-24,Child,31,372
1806,2024-08-24,Senior,55,825
1807,2024-08-25,Adult,53,1325
1808,2024-08-25,Child,39,468
1809,2024-08-25,Senior,30,450
1810,2024-08-26,Adult,15,375
1811,2024-08-26,Child,25,300
1812,2024-08-26,Senior,21,315
1813,2024-08-27,Adult,18,450
1814,2024-08-27,Child,23,276
1815,2024-08-27,Senior,24,360
1816,2024-08-28,Adult,15,375
1817,2024-08-28,Child,19,228
1818,2024-08-28,Senior,27,405
1819,2024-08-29,Adult,14,350
1820,2024-08-29,Child,14,168
1821,2024-08-29,Senior,21,315
1822,2024-08-30,Adult,29,725
1823,2024-08-30,Child,27,324
1824,2024-08-30,Senior,29,435
1825,2024-08-31,Adult,39,975
1826,2024-08-31,Child,43,516
1827,2024-08-31,Senior,39,585
1828,2024-09-01,Adult,36,900
1829,2024-09-01,Child,60,720
1830,2024-09-01,Senior,67,1005
1831,2024-09-02,Adult,25,625
1832,2024-09-02,Child,17,204
1833,2024-09-02,Senior,16,240
1834,2024-09-03,Adult,14,350
1835,2024-09-03,Child,17,204
1836,2024-09-03,Senior,29,435
1837,2024-09-04,Adult,25,625
1838,2024-09-04,Child,28,336
1839,2024-09-04,Senior,14,210
1840,2024-09-05,Adult,23,575
1841,2024-09-05,Child,28,336
1842,2024-09-05,Senior,25,375
1843,2024-09-06,Adult,18,450
1844,2024-09-06,Child,29,348
1845,2024-09-06,Senior,25,375
1846,2024-09-07,Adult,42,1050
1847,2024-09-07,Child,52,624
1848,2024-09-07,Senior,51,765
1849,2024-09-08,Adult,34,850
1850,2024-09-08,Child,69,828
1851,2024-09-08,Senior,61,915
1852,2024-09-09,Adult,23,575
1853,2024-09-09,Child,28,336
1854,2024-09-09,Senior,24,360
1855,2024-09-10,Adult,18,450
1856,2024-09-10,Child,28,336
1857,2024-09-10,Senior,19,285
1858,2024-09-11,Adult,12,300
1859,2024-09-11,Child,24,288
1860,2024-09-11,Senior,21,315
1861,2024-09-12,Adult,23,575
1862,2024-09-12,Child,16,192
1863,2024-09-12,Senior,29,435
1864,2024-09-13,Adult,28,700
1865,2024-09-13,Child,28,336
1866,2024-09-13,Senior,19,285
1867,2024-09-14,Adult,63,1575
1868,2024-09-14,Child,42,504
1869,2024-09-14,Senior,55,825
1870,2024-09-15,Adult,55,1375
1871,2024-09-15,Child,61,732
1872,2024-09-15,Senior,43,645
1873,2024-09-16,Adult,14,350
1874,2024-09-16,Child,18,216
1875,2024-09-16,Senior,13,195
1876,2024-09-17,Adult,21,525
1877,2024-09-17,Child,13,156
1878,2024-09-17,Senior,18,270
1879,2024-09-18,Adult,23,575
1880,2024-09-18,Child,12,144
1881,2024-09-18,Senior,13,195
1882,2024-09-19,Adult,26,650
1883,2024-09-19,Child,14,168
1884,2024-09-19,Senior,25,375
1885,2024-09-20,Adult,14,350
1886,2024-09-20,Child,26,312
1887,2024-09-20,Senior,13,195
1888,2024-09-21,Adult,55,1375
1889,2024-09-21,Child,74,888
1890,2024-09-21,Senior,71,1065
1891,2024-09-22,Adult,68,1700
1892,2024-09-22,Child,33,396
1893,2024-09-22,Senior,38,570
1894,2024-09-23,Adult,19,475
1895,2024-09-23,Child,13,156
1896,2024-09-23,Senior,17,255
1897,2024-09-24,Adult,14,350
1898,2024-09-24,Child,27,324
1899,2024-09-24,Senior,15,225
1900,2024-09-25,Adult,15,375
1901,2024-09-25,Child,26,312
1902,2024-09-25,Senior,19,285
1903,2024-09-26,Adult,25,625
1904,2024-09-26,Child,24,288
1905,2024-09-26,Senior,15,225
1906,2024-09-27,Adult,16,400
1907,2024-09-27,Child,25,300
1908,2024-09-27,Senior,24,360
1909,2024-09-28,Adult,73,1825
1910,2024-09-28,Child,43,516
1911,2024-09-28,Senior,66,990
1912,2024-09-29,Adult,61,1525
1913,2024-09-29,Child,61,732
1914,2024-09-29,Senior,45,675
1915,2024-09-30,Adult,21,525
1916,2024-09-30,Child,29,348
1917,2024-09-30,Senior,23,345
1918,2024-10-01,Adult,27,675
1919,2024-10-01,Child,25,300
1920,2024-10-01,Senior,24,360
1921,2024-10-02,Adult,29,725
1922,2024-10-02,Child,24,288
1923,2024-10-02,Senior,15,225
1924,2024-10-03,Adult,16,400
1925,2024-10-03,Child,18,216
1926,2024-10-03,Senior,27,405
1927,2024-10-04,Adult,27,675
1928,2024-10-04,Child,22,264
1929,2024-10-04,Senior,12,180
1930,2024-10-05,Adult,50,1250
1931,2024-10-05,Child,33,396
1932,2024-10-05,Senior,53,795
1933,2024-10-06,Adult,52,1300
1934,2024-10-06,Child,44,528
1935,2024-10-06,Senior,45,675
1936,2024-10-07,Adult,20,500
1937,2024-10-07,Child,26,312
1938,2024-10-07,Senior,13,195
1939,2024-10-08,Adult,22,550
1940,2024-10-08,Child,24,288
1941,2024-10-08,Senior,19,285
1942,2024-10-09,Adult,25,625
1943,2024-10-09,Child,13,156
1944,2024-10-09,Senior,16,240
1945,2024-10-10,Adult,19,475
1946,2024-10-10,Child,24,288
1947,2024-10-10,Senior,15,225
1948,2024-10-11,Adult,14,350
1949,2024-10-11,Child,23,276
1950,2024-10-11,Senior,27,405
1951,2024-10-12,Adult,47,1175
1952,2024-10-12,Child,67,804
1953,2024-10-12,Senior,51,765
1954,2024-10-13,Adult,71,1775
1955,2024-10-13,Child,64,768
1956,2024-10-13,Senior,44,660
1957,2024-10-14,Adult,20,500
1958,2024-10-14,Child,18,216
1959,2024-10-14,Senior,23,345
1960,2024-10-15,Adult,12,300
1961,2024-10-15,Child,18,216
1962,2024-10-15,Senior,14,210
1963,2024-10-16,Adult,23,575
1964,2024-10-16,Child,28,336
1965,2024-10-16,Senior,26,390
1966,2024-10-17,Adult,12,300
1967,2024-10-17,Child,28,336
1968,2024-10-17,Senior,24,360
1969,2024-10-18,Adult,21,525
1970,2024-10-18,Child,20,240
1971,2024-10-18,Senior,24,360
1972,2024-10-19,Adult,72,1800
1973,2024-10-19,Child,71,852
1974,2024-10-19,Senior,67,1005
1975,2024-10-20,Adult,59,1475
1976,2024-10-20,Child,35,420
1977,2024-10-20,Senior,37,555
1978,2024-10-21,Adult,23,575
1979,2024-10-21,Child,24,288
1980,2024-10-21,Senior,16,240
1981,2024-10-22,Adult,13,325
1982,2024-10-22,Child,28,336
1983,2024-10-22,Senior,20,300
1984,2024-10-23,Adult,29,725
1985,2024-10-23,Child,29,348
1986,2024-10-23,Senior,15,225
1987,2024-10-24,Adult,19,475
1988,2024-10-24,Child,13,156
1989,2024-10-24,Senior,13,195
1990,2024-10-25,Adult,14,350
1991,2024-10-25,Child,22,264
1992,2024-10-25,Senior,26,390
1993,2024-10-26,Adult,46,1150
1994,2024-10-26,Child,71,852
1995,2024-10-26,Senior,36,540
1996,2024-10-27,Adult,43,1075
1997,2024-10-27,Child,59,708
1998,2024-10-27,Senior,42,630
1999,2024-10-28,Adult,20,500
2000,2024-10-28,Child,29,348
2001,2024-10-28,Senior,22,330
2002,2024-10-29,Adult,24,600
2003,2024-10-29,Child,20,240
2004,2024-10-29,Senior,16,240
2005,2024-10-30,Adult,28,700
2006,2024-10-30,Child,20,240
2007,2024-10-30,Senior,15,225
2008,2024-10-31,Adult,22,550
2009,2024-10-31,Child,15,180
2010,2024-10-31,Senior,12,180
2011,2024-11-01,Adult,21,525
2012,2024-11-01,Child,27,324
2013,2024-11-01,Senior,23,345
2014,2024-11-02,Adult,42,1050
2015,2024-11-02,Child,41,492
2016,2024-11-02,Senior,72,1080
2017,2024-11-03,Adult,38,950
2018,2024-11-03,Child,69,828
2019,2024-11-03,Senior,69,1035
2020,2024-11-04,Adult,17,425
2021,2024-11-04,Child,21,252
2022,2024-11-04,Senior,20,300
2023,2024-11-05,Adult,28,700
2024,2024-11-05,Child,22,264
2025,2024-11-05,Senior,20,300
2026,2024-11-06,Adult,15,375
2027,2024-11-06,Child,22,264
2028,2024-11-06,Senior,16,240
2029,2024-11-07,Adult,15,375
2030,2024-11-07,Child,14,168
2031,2024-11-07,Senior,17,255
2032,2024-11-08,Adult,15,375
2033,2024-11-08,Child,12,144
2034,2024-11-08,Senior,24,360
2035,2024-11-09,Adult,67,1675
2036,2024-11-09,Child,65,780
2037,2024-11-09,Senior,47,705
2038,2024-11-10,Adult,44,1100
2039,2024-11-10,Child,71,852
2040,2024-11-10,Senior,46,690
2041,2024-11-11,Adult,25,625
2042,2024-11-11,Child,19,228
2043,2024-11-11,Senior,14,210
2044,2024-11-12,Adult,29,725
2045,2024-11-12,Child,23,276
2046,2024-11-12,Senior,22,330
2047,2024-11-13,Adult,19,475
2048,2024-11-13,Child,13,156
2049,2024-11-13,Senior,21,315
2050,2024-11-14,Adult,16,400
2051,2024-11-14,Child,13,156
2052,2024-11-14,Senior,29,435
2053,2024-11-15,Adult,27,675
2054,2024-11-15,Child,15,180
2055,2024-11-15,Senior,25,375
2056,2024-11-16,Adult,49,1225
2057,2024-11-16,Child,53,636
2058,2024-11-16,Senior,49,735
2059,2024-11-17,Adult,59,1475
2060,2024-11-17,Child,50,600
2061,2024-11-17,Senior,41,615
2062,2024-11-18,Adult,14,350
2063,2024-11-18,Child,17,204
2064,2024-11-18,Senior,21,315
2065,2024-11-19,Adult,14,350
2066,2024-11-19,Child,12,144
2067,2024-11-19,Senior,27,405
2068,2024-11-20,Adult,24,600
2069,2024-11-20,Child,28,336
2070,2024-11-20,Senior,23,345
2071,2024-11-21,Adult,13,325
2072,2024-11-21,Child,15,180
2073,2024-11-21,Senior,26,390
2074,2024-11-22,Adult,22,550
2075,2024-11-22,Child,13,156
2076,2024-11-22,Senior,20,300
2077,2024-11-23,Adult,61,1525
2078,2024-11-23,Child,66,792
2079,2024-11-23,Senior,60,900
2080,2024-11-24,Adult,56,1400
2081,2024-11-24,Child,45,540
2082,2024-11-24,Senior,40,600
2083,2024-11-25,Adult,25,625
2084,2024-11-25,Child,23,276
2085,2024-11-25,Senior,25,375
2086,2024-11-26,Adult,29,725
2087,2024-11-26,Child,24,288
2088,2024-11-26,Senior,16,240
2089,2024-11-27,Adult,29,725
2090,2024-11-27,Child,12,144
2091,2024-11-27,Senior,21,315
2092,2024-11-28,Adult,26,650
2093,2024-11-28,Child,27,324
2094,2024-11-28,Senior,12,180
2095,2024-11-29,Adult,19,475
2096,2024-11-29,Child,14,168
2097,2024-11-29,Senior,21,315
2098,2024-11-30,Adult,30,750
2099,2024-11-30,Child,58,696
2100,2024-11-30,Senior,68,1020
2101,2024-12-01,Adult,40,1000
2102,2024-12-01,Child,52,624
2103,2024-12-01,Senior,71,1065
2104,2024-12-02,Adult,25,625
2105,2024-12-02,Child,18,216
2106,2024-12-02,Senior,25,375
2107,2024-12-03,Adult,23,575
2108,2024-12-03,Child,24,288
2109,2024-12-03,Senior,22,330
2110,2024-12-04,Adult,12,300
2111,2024-12-04,Child,27,324
2112,2024-12-04,Senior,28,420
2113,2024-12-05,Adult,21,525
2114,2024-12-05,Child,18,216
2115,2024-12-05,Senior,21,315
2116,2024-12-06,Adult,22,550
2117,2024-12-06,Child,23,276
2118,2024-12-06,Senior,18,270
2119,2024-12-07,Adult,48,1200
2120,2024-12-07,Child,43,516
2121,2024-12-07,Senior,54,810
2122,2024-12-08,Adult,30,750
2123,2024-12-08,Child,67,804
2124,2024-12-08,Senior,58,870
2125,2024-12-09,Adult,17,425
2126,2024-12-09,Child,21,252
2127,2024-12-09,Senior,29,435
2128,2024-12-10,Adult,27,675
2129,2024-12-10,Child,21,252
2130,2024-12-10,Senior,15,225
2131,2024-12-11,Adult,13,325
2132,2024-12-11,Child,24,288
2133,2024-12-11,Senior,28,420
2134,2024-12-12,Adult,22,550
2135,2024-12-12,Child,20,240
2136,2024-12-12,Senior,27,405
2137,2024-12-13,Adult,20,500
2138,2024-12-13,Child,26,312
2139,2024-12-13,Senior,19,285
2140,2024-12-14,Adult,40,1000
2141,2024-12-14,Child,44,528
2142,2024-12-14,Senior,40,600
2143,2024-12-15,Adult,33,825
2144,2024-12-15,Child,42,504
2145,2024-12-15,Senior,47,705
2146,2024-12-16,Adult,29,725
2147,2024-12-16,Child,15,180
2148,2024-12-16,Senior,27,405
2149,2024-12-17,Adult,24,600
2150,2024-12-17,Child,16,192
2151,2024-12-17,Senior,18,270
2152,2024-12-18,Adult,28,700
2153,2024-12-18,Child,22,264
2154,2024-12-18,Senior,22,330
2155,2024-12-19,Adult,17,425
2156,2024-12-19,Child,16,192
2157,2024-12-19,Senior,13,195
2158,2024-12-20,Adult,24,600
2159,2024-12-20,Child,18,216
2160,2024-12-20,Senior,18,270
2161,2024-12-21,Adult,48,1200
2162,2024-12-21,Child,48,576
2163,2024-12-21,Senior,41,615
2164,2024-12-22,Adult,54,1350
2165,2024-12-22,Child,41,492
2166,2024-12-22,Senior,39,585
2167,2024-12-23,Adult,25,625
2168,2024-12-23,Child,15,180
2169,2024-12-23,Senior,26,390
2170,2024-12-24,Adult,15,375
2171,2024-12-24,Child,15,180
2172,2024-12-24,Senior,27,405
2173,2024-12-25,Adult,29,725
2174,2024-12-25,Child,15,180
2175,2024-12-25,Senior,25,375
2176,2024-12-26,Adult,19,475
2177,2024-12-26,Child,26,312
2178,2024-12-26,Senior,18,270
2179,2024-12-27,Adult,15,375
2180,2024-12-27,Child,22,264
2181,2024-12-27,Senior,13,195
2182,2024-12-28,Adult,70,1750
2183,2024-12-28,Child,61,732
2184,2024-12-28,Senior,32,480
2185,2024-12-29,Adult,34,850
2186,2024-12-29,Child,58,696
2187,2024-12-29,Senior,36,540
2188,2024-12-30,Adult,23,575
2189,2024-12-30,Child,16,192
2190,2024-12-30,Senior,22,330
2191,2024-12-31,Adult,24,600
2192,2024-12-31,Child,28,336
2193,2024-12-31,Senior,20,300
