Date,Year,Quarter,Month,MonthName,DayOfWeek,DayOfMonth,WeekOfYear,IsWeekend
2023-01-01,2023,1,1,January,Sunday,1,52,True
2023-01-02,2023,1,1,January,Monday,2,1,False
2023-01-03,2023,1,1,January,Tuesday,3,1,False
2023-01-04,2023,1,1,January,Wednesday,4,1,False
2023-01-05,2023,1,1,January,Thursday,5,1,False
2023-01-06,2023,1,1,January,Friday,6,1,False
2023-01-07,2023,1,1,January,Saturday,7,1,True
2023-01-08,2023,1,1,January,Sunday,8,1,True
2023-01-09,2023,1,1,January,Monday,9,2,False
2023-01-10,2023,1,1,January,Tuesday,10,2,False
2023-01-11,2023,1,1,January,Wednesday,11,2,False
2023-01-12,2023,1,1,January,Thursday,12,2,False
2023-01-13,2023,1,1,January,Friday,13,2,False
2023-01-14,2023,1,1,January,Saturday,14,2,True
2023-01-15,2023,1,1,January,Sunday,15,2,True
2023-01-16,2023,1,1,January,Monday,16,3,False
2023-01-17,2023,1,1,January,Tuesday,17,3,False
2023-01-18,2023,1,1,January,Wednesday,18,3,False
2023-01-19,2023,1,1,January,Thursday,19,3,False
2023-01-20,2023,1,1,January,Friday,20,3,False
2023-01-21,2023,1,1,January,Saturday,21,3,True
2023-01-22,2023,1,1,January,Sunday,22,3,True
2023-01-23,2023,1,1,January,Monday,23,4,False
2023-01-24,2023,1,1,January,Tuesday,24,4,False
2023-01-25,2023,1,1,January,Wednesday,25,4,False
2023-01-26,2023,1,1,January,Thursday,26,4,False
2023-01-27,2023,1,1,January,Friday,27,4,False
2023-01-28,2023,1,1,January,Saturday,28,4,True
2023-01-29,2023,1,1,January,Sunday,29,4,True
2023-01-30,2023,1,1,January,Monday,30,5,False
2023-01-31,2023,1,1,January,Tuesday,31,5,False
2023-02-01,2023,1,2,February,Wednesday,1,5,False
2023-02-02,2023,1,2,February,Thursday,2,5,False
2023-02-03,2023,1,2,February,Friday,3,5,False
2023-02-04,2023,1,2,February,Saturday,4,5,True
2023-02-05,2023,1,2,February,Sunday,5,5,True
2023-02-06,2023,1,2,February,Monday,6,6,False
2023-02-07,2023,1,2,February,Tuesday,7,6,False
2023-02-08,2023,1,2,February,Wednesday,8,6,False
2023-02-09,2023,1,2,February,Thursday,9,6,False
2023-02-10,2023,1,2,February,Friday,10,6,False
2023-02-11,2023,1,2,February,Saturday,11,6,True
2023-02-12,2023,1,2,February,Sunday,12,6,True
2023-02-13,2023,1,2,February,Monday,13,7,False
2023-02-14,2023,1,2,February,Tuesday,14,7,False
2023-02-15,2023,1,2,February,Wednesday,15,7,False
2023-02-16,2023,1,2,February,Thursday,16,7,False
2023-02-17,2023,1,2,February,Friday,17,7,False
2023-02-18,2023,1,2,February,Saturday,18,7,True
2023-02-19,2023,1,2,February,Sunday,19,7,True
2023-02-20,2023,1,2,February,Monday,20,8,False
2023-02-21,2023,1,2,February,Tuesday,21,8,False
2023-02-22,2023,1,2,February,Wednesday,22,8,False
2023-02-23,2023,1,2,February,Thursday,23,8,False
2023-02-24,2023,1,2,February,Friday,24,8,False
2023-02-25,2023,1,2,February,Saturday,25,8,True
2023-02-26,2023,1,2,February,Sunday,26,8,True
2023-02-27,2023,1,2,February,Monday,27,9,False
2023-02-28,2023,1,2,February,Tuesday,28,9,False
2023-03-01,2023,1,3,March,Wednesday,1,9,False
2023-03-02,2023,1,3,March,Thursday,2,9,False
2023-03-03,2023,1,3,March,Friday,3,9,False
2023-03-04,2023,1,3,March,Saturday,4,9,True
2023-03-05,2023,1,3,March,Sunday,5,9,True
2023-03-06,2023,1,3,March,Monday,6,10,False
2023-03-07,2023,1,3,March,Tuesday,7,10,False
2023-03-08,2023,1,3,March,Wednesday,8,10,False
2023-03-09,2023,1,3,March,Thursday,9,10,False
2023-03-10,2023,1,3,March,Friday,10,10,False
2023-03-11,2023,1,3,March,Saturday,11,10,True
2023-03-12,2023,1,3,March,Sunday,12,10,True
2023-03-13,2023,1,3,March,Monday,13,11,False
2023-03-14,2023,1,3,March,Tuesday,14,11,False
2023-03-15,2023,1,3,March,Wednesday,15,11,False
2023-03-16,2023,1,3,March,Thursday,16,11,False
2023-03-17,2023,1,3,March,Friday,17,11,False
2023-03-18,2023,1,3,March,Saturday,18,11,True
2023-03-19,2023,1,3,March,Sunday,19,11,True
2023-03-20,2023,1,3,March,Monday,20,12,False
2023-03-21,2023,1,3,March,Tuesday,21,12,False
2023-03-22,2023,1,3,March,Wednesday,22,12,False
2023-03-23,2023,1,3,March,Thursday,23,12,False
2023-03-24,2023,1,3,March,Friday,24,12,False
2023-03-25,2023,1,3,March,Saturday,25,12,True
2023-03-26,2023,1,3,March,Sunday,26,12,True
2023-03-27,2023,1,3,March,Monday,27,13,False
2023-03-28,2023,1,3,March,Tuesday,28,13,False
2023-03-29,2023,1,3,March,Wednesday,29,13,False
2023-03-30,2023,1,3,March,Thursday,30,13,False
2023-03-31,2023,1,3,March,Friday,31,13,False
2023-04-01,2023,2,4,April,Saturday,1,13,True
2023-04-02,2023,2,4,April,Sunday,2,13,True
2023-04-03,2023,2,4,April,Monday,3,14,False
2023-04-04,2023,2,4,April,Tuesday,4,14,False
2023-04-05,2023,2,4,April,Wednesday,5,14,False
2023-04-06,2023,2,4,April,Thursday,6,14,False
2023-04-07,2023,2,4,April,Friday,7,14,False
2023-04-08,2023,2,4,April,Saturday,8,14,True
2023-04-09,2023,2,4,April,Sunday,9,14,True
2023-04-10,2023,2,4,April,Monday,10,15,False
2023-04-11,2023,2,4,April,Tuesday,11,15,False
2023-04-12,2023,2,4,April,Wednesday,12,15,False
2023-04-13,2023,2,4,April,Thursday,13,15,False
2023-04-14,2023,2,4,April,Friday,14,15,False
2023-04-15,2023,2,4,April,Saturday,15,15,True
2023-04-16,2023,2,4,April,Sunday,16,15,True
2023-04-17,2023,2,4,April,Monday,17,16,False
2023-04-18,2023,2,4,April,Tuesday,18,16,False
2023-04-19,2023,2,4,April,Wednesday,19,16,False
2023-04-20,2023,2,4,April,Thursday,20,16,False
2023-04-21,2023,2,4,April,Friday,21,16,False
2023-04-22,2023,2,4,April,Saturday,22,16,True
2023-04-23,2023,2,4,April,Sunday,23,16,True
2023-04-24,2023,2,4,April,Monday,24,17,False
2023-04-25,2023,2,4,April,Tuesday,25,17,False
2023-04-26,2023,2,4,April,Wednesday,26,17,False
2023-04-27,2023,2,4,April,Thursday,27,17,False
2023-04-28,2023,2,4,April,Friday,28,17,False
2023-04-29,2023,2,4,April,Saturday,29,17,True
2023-04-30,2023,2,4,April,Sunday,30,17,True
2023-05-01,2023,2,5,May,Monday,1,18,False
2023-05-02,2023,2,5,May,Tuesday,2,18,False
2023-05-03,2023,2,5,May,Wednesday,3,18,False
2023-05-04,2023,2,5,May,Thursday,4,18,False
2023-05-05,2023,2,5,May,Friday,5,18,False
2023-05-06,2023,2,5,May,Saturday,6,18,True
2023-05-07,2023,2,5,May,Sunday,7,18,True
2023-05-08,2023,2,5,May,Monday,8,19,False
2023-05-09,2023,2,5,May,Tuesday,9,19,False
2023-05-10,2023,2,5,May,Wednesday,10,19,False
2023-05-11,2023,2,5,May,Thursday,11,19,False
2023-05-12,2023,2,5,May,Friday,12,19,False
2023-05-13,2023,2,5,May,Saturday,13,19,True
2023-05-14,2023,2,5,May,Sunday,14,19,True
2023-05-15,2023,2,5,May,Monday,15,20,False
2023-05-16,2023,2,5,May,Tuesday,16,20,False
2023-05-17,2023,2,5,May,Wednesday,17,20,False
2023-05-18,2023,2,5,May,Thursday,18,20,False
2023-05-19,2023,2,5,May,Friday,19,20,False
2023-05-20,2023,2,5,May,Saturday,20,20,True
2023-05-21,2023,2,5,May,Sunday,21,20,True
2023-05-22,2023,2,5,May,Monday,22,21,False
2023-05-23,2023,2,5,May,Tuesday,23,21,False
2023-05-24,2023,2,5,May,Wednesday,24,21,False
2023-05-25,2023,2,5,May,Thursday,25,21,False
2023-05-26,2023,2,5,May,Friday,26,21,False
2023-05-27,2023,2,5,May,Saturday,27,21,True
2023-05-28,2023,2,5,May,Sunday,28,21,True
2023-05-29,2023,2,5,May,Monday,29,22,False
2023-05-30,2023,2,5,May,Tuesday,30,22,False
2023-05-31,2023,2,5,May,Wednesday,31,22,False
2023-06-01,2023,2,6,June,Thursday,1,22,False
2023-06-02,2023,2,6,June,Friday,2,22,False
2023-06-03,2023,2,6,June,Saturday,3,22,True
2023-06-04,2023,2,6,June,Sunday,4,22,True
2023-06-05,2023,2,6,June,Monday,5,23,False
2023-06-06,2023,2,6,June,Tuesday,6,23,False
2023-06-07,2023,2,6,June,Wednesday,7,23,False
2023-06-08,2023,2,6,June,Thursday,8,23,False
2023-06-09,2023,2,6,June,Friday,9,23,False
2023-06-10,2023,2,6,June,Saturday,10,23,True
2023-06-11,2023,2,6,June,Sunday,11,23,True
2023-06-12,2023,2,6,June,Monday,12,24,False
2023-06-13,2023,2,6,June,Tuesday,13,24,False
2023-06-14,2023,2,6,June,Wednesday,14,24,False
2023-06-15,2023,2,6,June,Thursday,15,24,False
2023-06-16,2023,2,6,June,Friday,16,24,False
2023-06-17,2023,2,6,June,Saturday,17,24,True
2023-06-18,2023,2,6,June,Sunday,18,24,True
2023-06-19,2023,2,6,June,Monday,19,25,False
2023-06-20,2023,2,6,June,Tuesday,20,25,False
2023-06-21,2023,2,6,June,Wednesday,21,25,False
2023-06-22,2023,2,6,June,Thursday,22,25,False
2023-06-23,2023,2,6,June,Friday,23,25,False
2023-06-24,2023,2,6,June,Saturday,24,25,True
2023-06-25,2023,2,6,June,Sunday,25,25,True
2023-06-26,2023,2,6,June,Monday,26,26,False
2023-06-27,2023,2,6,June,Tuesday,27,26,False
2023-06-28,2023,2,6,June,Wednesday,28,26,False
2023-06-29,2023,2,6,June,Thursday,29,26,False
2023-06-30,2023,2,6,June,Friday,30,26,False
2023-07-01,2023,3,7,July,Saturday,1,26,True
2023-07-02,2023,3,7,July,Sunday,2,26,True
2023-07-03,2023,3,7,July,Monday,3,27,False
2023-07-04,2023,3,7,July,Tuesday,4,27,False
2023-07-05,2023,3,7,July,Wednesday,5,27,False
2023-07-06,2023,3,7,July,Thursday,6,27,False
2023-07-07,2023,3,7,July,Friday,7,27,False
2023-07-08,2023,3,7,July,Saturday,8,27,True
2023-07-09,2023,3,7,July,Sunday,9,27,True
2023-07-10,2023,3,7,July,Monday,10,28,False
2023-07-11,2023,3,7,July,Tuesday,11,28,False
2023-07-12,2023,3,7,July,Wednesday,12,28,False
2023-07-13,2023,3,7,July,Thursday,13,28,False
2023-07-14,2023,3,7,July,Friday,14,28,False
2023-07-15,2023,3,7,July,Saturday,15,28,True
2023-07-16,2023,3,7,July,Sunday,16,28,True
2023-07-17,2023,3,7,July,Monday,17,29,False
2023-07-18,2023,3,7,July,Tuesday,18,29,False
2023-07-19,2023,3,7,July,Wednesday,19,29,False
2023-07-20,2023,3,7,July,Thursday,20,29,False
2023-07-21,2023,3,7,July,Friday,21,29,False
2023-07-22,2023,3,7,July,Saturday,22,29,True
2023-07-23,2023,3,7,July,Sunday,23,29,True
2023-07-24,2023,3,7,July,Monday,24,30,False
2023-07-25,2023,3,7,July,Tuesday,25,30,False
2023-07-26,2023,3,7,July,Wednesday,26,30,False
2023-07-27,2023,3,7,July,Thursday,27,30,False
2023-07-28,2023,3,7,July,Friday,28,30,False
2023-07-29,2023,3,7,July,Saturday,29,30,True
2023-07-30,2023,3,7,July,Sunday,30,30,True
2023-07-31,2023,3,7,July,Monday,31,31,False
2023-08-01,2023,3,8,August,Tuesday,1,31,False
2023-08-02,2023,3,8,August,Wednesday,2,31,False
2023-08-03,2023,3,8,August,Thursday,3,31,False
2023-08-04,2023,3,8,August,Friday,4,31,False
2023-08-05,2023,3,8,August,Saturday,5,31,True
2023-08-06,2023,3,8,August,Sunday,6,31,True
2023-08-07,2023,3,8,August,Monday,7,32,False
2023-08-08,2023,3,8,August,Tuesday,8,32,False
2023-08-09,2023,3,8,August,Wednesday,9,32,False
2023-08-10,2023,3,8,August,Thursday,10,32,False
2023-08-11,2023,3,8,August,Friday,11,32,False
2023-08-12,2023,3,8,August,Saturday,12,32,True
2023-08-13,2023,3,8,August,Sunday,13,32,True
2023-08-14,2023,3,8,August,Monday,14,33,False
2023-08-15,2023,3,8,August,Tuesday,15,33,False
2023-08-16,2023,3,8,August,Wednesday,16,33,False
2023-08-17,2023,3,8,August,Thursday,17,33,False
2023-08-18,2023,3,8,August,Friday,18,33,False
2023-08-19,2023,3,8,August,Saturday,19,33,True
2023-08-20,2023,3,8,August,Sunday,20,33,True
2023-08-21,2023,3,8,August,Monday,21,34,False
2023-08-22,2023,3,8,August,Tuesday,22,34,False
2023-08-23,2023,3,8,August,Wednesday,23,34,False
2023-08-24,2023,3,8,August,Thursday,24,34,False
2023-08-25,2023,3,8,August,Friday,25,34,False
2023-08-26,2023,3,8,August,Saturday,26,34,True
2023-08-27,2023,3,8,August,Sunday,27,34,True
2023-08-28,2023,3,8,August,Monday,28,35,False
2023-08-29,2023,3,8,August,Tuesday,29,35,False
2023-08-30,2023,3,8,August,Wednesday,30,35,False
2023-08-31,2023,3,8,August,Thursday,31,35,False
2023-09-01,2023,3,9,September,Friday,1,35,False
2023-09-02,2023,3,9,September,Saturday,2,35,True
2023-09-03,2023,3,9,September,Sunday,3,35,True
2023-09-04,2023,3,9,September,Monday,4,36,False
2023-09-05,2023,3,9,September,Tuesday,5,36,False
2023-09-06,2023,3,9,September,Wednesday,6,36,False
2023-09-07,2023,3,9,September,Thursday,7,36,False
2023-09-08,2023,3,9,September,Friday,8,36,False
2023-09-09,2023,3,9,September,Saturday,9,36,True
2023-09-10,2023,3,9,September,Sunday,10,36,True
2023-09-11,2023,3,9,September,Monday,11,37,False
2023-09-12,2023,3,9,September,Tuesday,12,37,False
2023-09-13,2023,3,9,September,Wednesday,13,37,False
2023-09-14,2023,3,9,September,Thursday,14,37,False
2023-09-15,2023,3,9,September,Friday,15,37,False
2023-09-16,2023,3,9,September,Saturday,16,37,True
2023-09-17,2023,3,9,September,Sunday,17,37,True
2023-09-18,2023,3,9,September,Monday,18,38,False
2023-09-19,2023,3,9,September,Tuesday,19,38,False
2023-09-20,2023,3,9,September,Wednesday,20,38,False
2023-09-21,2023,3,9,September,Thursday,21,38,False
2023-09-22,2023,3,9,September,Friday,22,38,False
2023-09-23,2023,3,9,September,Saturday,23,38,True
2023-09-24,2023,3,9,September,Sunday,24,38,True
2023-09-25,2023,3,9,September,Monday,25,39,False
2023-09-26,2023,3,9,September,Tuesday,26,39,False
2023-09-27,2023,3,9,September,Wednesday,27,39,False
2023-09-28,2023,3,9,September,Thursday,28,39,False
2023-09-29,2023,3,9,September,Friday,29,39,False
2023-09-30,2023,3,9,September,Saturday,30,39,True
2023-10-01,2023,4,10,October,Sunday,1,39,True
2023-10-02,2023,4,10,October,Monday,2,40,False
2023-10-03,2023,4,10,October,Tuesday,3,40,False
2023-10-04,2023,4,10,October,Wednesday,4,40,False
2023-10-05,2023,4,10,October,Thursday,5,40,False
2023-10-06,2023,4,10,October,Friday,6,40,False
2023-10-07,2023,4,10,October,Saturday,7,40,True
2023-10-08,2023,4,10,October,Sunday,8,40,True
2023-10-09,2023,4,10,October,Monday,9,41,False
2023-10-10,2023,4,10,October,Tuesday,10,41,False
2023-10-11,2023,4,10,October,Wednesday,11,41,False
2023-10-12,2023,4,10,October,Thursday,12,41,False
2023-10-13,2023,4,10,October,Friday,13,41,False
2023-10-14,2023,4,10,October,Saturday,14,41,True
2023-10-15,2023,4,10,October,Sunday,15,41,True
2023-10-16,2023,4,10,October,Monday,16,42,False
2023-10-17,2023,4,10,October,Tuesday,17,42,False
2023-10-18,2023,4,10,October,Wednesday,18,42,False
2023-10-19,2023,4,10,October,Thursday,19,42,False
2023-10-20,2023,4,10,October,Friday,20,42,False
2023-10-21,2023,4,10,October,Saturday,21,42,True
2023-10-22,2023,4,10,October,Sunday,22,42,True
2023-10-23,2023,4,10,October,Monday,23,43,False
2023-10-24,2023,4,10,October,Tuesday,24,43,False
2023-10-25,2023,4,10,October,Wednesday,25,43,False
2023-10-26,2023,4,10,October,Thursday,26,43,False
2023-10-27,2023,4,10,October,Friday,27,43,False
2023-10-28,2023,4,10,October,Saturday,28,43,True
2023-10-29,2023,4,10,October,Sunday,29,43,True
2023-10-30,2023,4,10,October,Monday,30,44,False
2023-10-31,2023,4,10,October,Tuesday,31,44,False
2023-11-01,2023,4,11,November,Wednesday,1,44,False
2023-11-02,2023,4,11,November,Thursday,2,44,False
2023-11-03,2023,4,11,November,Friday,3,44,False
2023-11-04,2023,4,11,November,Saturday,4,44,True
2023-11-05,2023,4,11,November,Sunday,5,44,True
2023-11-06,2023,4,11,November,Monday,6,45,False
2023-11-07,2023,4,11,November,Tuesday,7,45,False
2023-11-08,2023,4,11,November,Wednesday,8,45,False
2023-11-09,2023,4,11,November,Thursday,9,45,False
2023-11-10,2023,4,11,November,Friday,10,45,False
2023-11-11,2023,4,11,November,Saturday,11,45,True
2023-11-12,2023,4,11,November,Sunday,12,45,True
2023-11-13,2023,4,11,November,Monday,13,46,False
2023-11-14,2023,4,11,November,Tuesday,14,46,False
2023-11-15,2023,4,11,November,Wednesday,15,46,False
2023-11-16,2023,4,11,November,Thursday,16,46,False
2023-11-17,2023,4,11,November,Friday,17,46,False
2023-11-18,2023,4,11,November,Saturday,18,46,True
2023-11-19,2023,4,11,November,Sunday,19,46,True
2023-11-20,2023,4,11,November,Monday,20,47,False
2023-11-21,2023,4,11,November,Tuesday,21,47,False
2023-11-22,2023,4,11,November,Wednesday,22,47,False
2023-11-23,2023,4,11,November,Thursday,23,47,False
2023-11-24,2023,4,11,November,Friday,24,47,False
2023-11-25,2023,4,11,November,Saturday,25,47,True
2023-11-26,2023,4,11,November,Sunday,26,47,True
2023-11-27,2023,4,11,November,Monday,27,48,False
2023-11-28,2023,4,11,November,Tuesday,28,48,False
2023-11-29,2023,4,11,November,Wednesday,29,48,False
2023-11-30,2023,4,11,November,Thursday,30,48,False
2023-12-01,2023,4,12,December,Friday,1,48,False
2023-12-02,2023,4,12,December,Saturday,2,48,True
2023-12-03,2023,4,12,December,Sunday,3,48,True
2023-12-04,2023,4,12,December,Monday,4,49,False
2023-12-05,2023,4,12,December,Tuesday,5,49,False
2023-12-06,2023,4,12,December,Wednesday,6,49,False
2023-12-07,2023,4,12,December,Thursday,7,49,False
2023-12-08,2023,4,12,December,Friday,8,49,False
2023-12-09,2023,4,12,December,Saturday,9,49,True
2023-12-10,2023,4,12,December,Sunday,10,49,True
2023-12-11,2023,4,12,December,Monday,11,50,False
2023-12-12,2023,4,12,December,Tuesday,12,50,False
2023-12-13,2023,4,12,December,Wednesday,13,50,False
2023-12-14,2023,4,12,December,Thursday,14,50,False
2023-12-15,2023,4,12,December,Friday,15,50,False
2023-12-16,2023,4,12,December,Saturday,16,50,True
2023-12-17,2023,4,12,December,Sunday,17,50,True
2023-12-18,2023,4,12,December,Monday,18,51,False
2023-12-19,2023,4,12,December,Tuesday,19,51,False
2023-12-20,2023,4,12,December,Wednesday,20,51,False
2023-12-21,2023,4,12,December,Thursday,21,51,False
2023-12-22,2023,4,12,December,Friday,22,51,False
2023-12-23,2023,4,12,December,Saturday,23,51,True
2023-12-24,2023,4,12,December,Sunday,24,51,True
2023-12-25,2023,4,12,December,Monday,25,52,False
2023-12-26,2023,4,12,December,Tuesday,26,52,False
2023-12-27,2023,4,12,December,Wednesday,27,52,False
2023-12-28,2023,4,12,December,Thursday,28,52,False
2023-12-29,2023,4,12,December,Friday,29,52,False
2023-12-30,2023,4,12,December,Saturday,30,52,True
2023-12-31,2023,4,12,December,Sunday,31,52,True
2024-01-01,2024,1,1,January,Monday,1,1,False
2024-01-02,2024,1,1,January,Tuesday,2,1,False
2024-01-03,2024,1,1,January,Wednesday,3,1,False
2024-01-04,2024,1,1,January,Thursday,4,1,False
2024-01-05,2024,1,1,January,Friday,5,1,False
2024-01-06,2024,1,1,January,Saturday,6,1,True
2024-01-07,2024,1,1,January,Sunday,7,1,True
2024-01-08,2024,1,1,January,Monday,8,2,False
2024-01-09,2024,1,1,January,Tuesday,9,2,False
2024-01-10,2024,1,1,January,Wednesday,10,2,False
2024-01-11,2024,1,1,January,Thursday,11,2,False
2024-01-12,2024,1,1,January,Friday,12,2,False
2024-01-13,2024,1,1,January,Saturday,13,2,True
2024-01-14,2024,1,1,January,Sunday,14,2,True
2024-01-15,2024,1,1,January,Monday,15,3,False
2024-01-16,2024,1,1,January,Tuesday,16,3,False
2024-01-17,2024,1,1,January,Wednesday,17,3,False
2024-01-18,2024,1,1,January,Thursday,18,3,False
2024-01-19,2024,1,1,January,Friday,19,3,False
2024-01-20,2024,1,1,January,Saturday,20,3,True
2024-01-21,2024,1,1,January,Sunday,21,3,True
2024-01-22,2024,1,1,January,Monday,22,4,False
2024-01-23,2024,1,1,January,Tuesday,23,4,False
2024-01-24,2024,1,1,January,Wednesday,24,4,False
2024-01-25,2024,1,1,January,Thursday,25,4,False
2024-01-26,2024,1,1,January,Friday,26,4,False
2024-01-27,2024,1,1,January,Saturday,27,4,True
2024-01-28,2024,1,1,January,Sunday,28,4,True
2024-01-29,2024,1,1,January,Monday,29,5,False
2024-01-30,2024,1,1,January,Tuesday,30,5,False
2024-01-31,2024,1,1,January,Wednesday,31,5,False
2024-02-01,2024,1,2,February,Thursday,1,5,False
2024-02-02,2024,1,2,February,Friday,2,5,False
2024-02-03,2024,1,2,February,Saturday,3,5,True
2024-02-04,2024,1,2,February,Sunday,4,5,True
2024-02-05,2024,1,2,February,Monday,5,6,False
2024-02-06,2024,1,2,February,Tuesday,6,6,False
2024-02-07,2024,1,2,February,Wednesday,7,6,False
2024-02-08,2024,1,2,February,Thursday,8,6,False
2024-02-09,2024,1,2,February,Friday,9,6,False
2024-02-10,2024,1,2,February,Saturday,10,6,True
2024-02-11,2024,1,2,February,Sunday,11,6,True
2024-02-12,2024,1,2,February,Monday,12,7,False
2024-02-13,2024,1,2,February,Tuesday,13,7,False
2024-02-14,2024,1,2,February,Wednesday,14,7,False
2024-02-15,2024,1,2,February,Thursday,15,7,False
2024-02-16,2024,1,2,February,Friday,16,7,False
2024-02-17,2024,1,2,February,Saturday,17,7,True
2024-02-18,2024,1,2,February,Sunday,18,7,True
2024-02-19,2024,1,2,February,Monday,19,8,False
2024-02-20,2024,1,2,February,Tuesday,20,8,False
2024-02-21,2024,1,2,February,Wednesday,21,8,False
2024-02-22,2024,1,2,February,Thursday,22,8,False
2024-02-23,2024,1,2,February,Friday,23,8,False
2024-02-24,2024,1,2,February,Saturday,24,8,True
2024-02-25,2024,1,2,February,Sunday,25,8,True
2024-02-26,2024,1,2,February,Monday,26,9,False
2024-02-27,2024,1,2,February,Tuesday,27,9,False
2024-02-28,2024,1,2,February,Wednesday,28,9,False
2024-02-29,2024,1,2,February,Thursday,29,9,False
2024-03-01,2024,1,3,March,Friday,1,9,False
2024-03-02,2024,1,3,March,Saturday,2,9,True
2024-03-03,2024,1,3,March,Sunday,3,9,True
2024-03-04,2024,1,3,March,Monday,4,10,False
2024-03-05,2024,1,3,March,Tuesday,5,10,False
2024-03-06,2024,1,3,March,Wednesday,6,10,False
2024-03-07,2024,1,3,March,Thursday,7,10,False
2024-03-08,2024,1,3,March,Friday,8,10,False
2024-03-09,2024,1,3,March,Saturday,9,10,True
2024-03-10,2024,1,3,March,Sunday,10,10,True
2024-03-11,2024,1,3,March,Monday,11,11,False
2024-03-12,2024,1,3,March,Tuesday,12,11,False
2024-03-13,2024,1,3,March,Wednesday,13,11,False
2024-03-14,2024,1,3,March,Thursday,14,11,False
2024-03-15,2024,1,3,March,Friday,15,11,False
2024-03-16,2024,1,3,March,Saturday,16,11,True
2024-03-17,2024,1,3,March,Sunday,17,11,True
2024-03-18,2024,1,3,March,Monday,18,12,False
2024-03-19,2024,1,3,March,Tuesday,19,12,False
2024-03-20,2024,1,3,March,Wednesday,20,12,False
2024-03-21,2024,1,3,March,Thursday,21,12,False
2024-03-22,2024,1,3,March,Friday,22,12,False
2024-03-23,2024,1,3,March,Saturday,23,12,True
2024-03-24,2024,1,3,March,Sunday,24,12,True
2024-03-25,2024,1,3,March,Monday,25,13,False
2024-03-26,2024,1,3,March,Tuesday,26,13,False
2024-03-27,2024,1,3,March,Wednesday,27,13,False
2024-03-28,2024,1,3,March,Thursday,28,13,False
2024-03-29,2024,1,3,March,Friday,29,13,False
2024-03-30,2024,1,3,March,Saturday,30,13,True
2024-03-31,2024,1,3,March,Sunday,31,13,True
2024-04-01,2024,2,4,April,Monday,1,14,False
2024-04-02,2024,2,4,April,Tuesday,2,14,False
2024-04-03,2024,2,4,April,Wednesday,3,14,False
2024-04-04,2024,2,4,April,Thursday,4,14,False
2024-04-05,2024,2,4,April,Friday,5,14,False
2024-04-06,2024,2,4,April,Saturday,6,14,True
2024-04-07,2024,2,4,April,Sunday,7,14,True
2024-04-08,2024,2,4,April,Monday,8,15,False
2024-04-09,2024,2,4,April,Tuesday,9,15,False
2024-04-10,2024,2,4,April,Wednesday,10,15,False
2024-04-11,2024,2,4,April,Thursday,11,15,False
2024-04-12,2024,2,4,April,Friday,12,15,False
2024-04-13,2024,2,4,April,Saturday,13,15,True
2024-04-14,2024,2,4,April,Sunday,14,15,True
2024-04-15,2024,2,4,April,Monday,15,16,False
2024-04-16,2024,2,4,April,Tuesday,16,16,False
2024-04-17,2024,2,4,April,Wednesday,17,16,False
2024-04-18,2024,2,4,April,Thursday,18,16,False
2024-04-19,2024,2,4,April,Friday,19,16,False
2024-04-20,2024,2,4,April,Saturday,20,16,True
2024-04-21,2024,2,4,April,Sunday,21,16,True
2024-04-22,2024,2,4,April,Monday,22,17,False
2024-04-23,2024,2,4,April,Tuesday,23,17,False
2024-04-24,2024,2,4,April,Wednesday,24,17,False
2024-04-25,2024,2,4,April,Thursday,25,17,False
2024-04-26,2024,2,4,April,Friday,26,17,False
2024-04-27,2024,2,4,April,Saturday,27,17,True
2024-04-28,2024,2,4,April,Sunday,28,17,True
2024-04-29,2024,2,4,April,Monday,29,18,False
2024-04-30,2024,2,4,April,Tuesday,30,18,False
2024-05-01,2024,2,5,May,Wednesday,1,18,False
2024-05-02,2024,2,5,May,Thursday,2,18,False
2024-05-03,2024,2,5,May,Friday,3,18,False
2024-05-04,2024,2,5,May,Saturday,4,18,True
2024-05-05,2024,2,5,May,Sunday,5,18,True
2024-05-06,2024,2,5,May,Monday,6,19,False
2024-05-07,2024,2,5,May,Tuesday,7,19,False
2024-05-08,2024,2,5,May,Wednesday,8,19,False
2024-05-09,2024,2,5,May,Thursday,9,19,False
2024-05-10,2024,2,5,May,Friday,10,19,False
2024-05-11,2024,2,5,May,Saturday,11,19,True
2024-05-12,2024,2,5,May,Sunday,12,19,True
2024-05-13,2024,2,5,May,Monday,13,20,False
2024-05-14,2024,2,5,May,Tuesday,14,20,False
2024-05-15,2024,2,5,May,Wednesday,15,20,False
2024-05-16,2024,2,5,May,Thursday,16,20,False
2024-05-17,2024,2,5,May,Friday,17,20,False
2024-05-18,2024,2,5,May,Saturday,18,20,True
2024-05-19,2024,2,5,May,Sunday,19,20,True
2024-05-20,2024,2,5,May,Monday,20,21,False
2024-05-21,2024,2,5,May,Tuesday,21,21,False
2024-05-22,2024,2,5,May,Wednesday,22,21,False
2024-05-23,2024,2,5,May,Thursday,23,21,False
2024-05-24,2024,2,5,May,Friday,24,21,False
2024-05-25,2024,2,5,May,Saturday,25,21,True
2024-05-26,2024,2,5,May,Sunday,26,21,True
2024-05-27,2024,2,5,May,Monday,27,22,False
2024-05-28,2024,2,5,May,Tuesday,28,22,False
2024-05-29,2024,2,5,May,Wednesday,29,22,False
2024-05-30,2024,2,5,May,Thursday,30,22,False
2024-05-31,2024,2,5,May,Friday,31,22,False
2024-06-01,2024,2,6,June,Saturday,1,22,True
2024-06-02,2024,2,6,June,Sunday,2,22,True
2024-06-03,2024,2,6,June,Monday,3,23,False
2024-06-04,2024,2,6,June,Tuesday,4,23,False
2024-06-05,2024,2,6,June,Wednesday,5,23,False
2024-06-06,2024,2,6,June,Thursday,6,23,False
2024-06-07,2024,2,6,June,Friday,7,23,False
2024-06-08,2024,2,6,June,Saturday,8,23,True
2024-06-09,2024,2,6,June,Sunday,9,23,True
2024-06-10,2024,2,6,June,Monday,10,24,False
2024-06-11,2024,2,6,June,Tuesday,11,24,False
2024-06-12,2024,2,6,June,Wednesday,12,24,False
2024-06-13,2024,2,6,June,Thursday,13,24,False
2024-06-14,2024,2,6,June,Friday,14,24,False
2024-06-15,2024,2,6,June,Saturday,15,24,True
2024-06-16,2024,2,6,June,Sunday,16,24,True
2024-06-17,2024,2,6,June,Monday,17,25,False
2024-06-18,2024,2,6,June,Tuesday,18,25,False
2024-06-19,2024,2,6,June,Wednesday,19,25,False
2024-06-20,2024,2,6,June,Thursday,20,25,False
2024-06-21,2024,2,6,June,Friday,21,25,False
2024-06-22,2024,2,6,June,Saturday,22,25,True
2024-06-23,2024,2,6,June,Sunday,23,25,True
2024-06-24,2024,2,6,June,Monday,24,26,False
2024-06-25,2024,2,6,June,Tuesday,25,26,False
2024-06-26,2024,2,6,June,Wednesday,26,26,False
2024-06-27,2024,2,6,June,Thursday,27,26,False
2024-06-28,2024,2,6,June,Friday,28,26,False
2024-06-29,2024,2,6,June,Saturday,29,26,True
2024-06-30,2024,2,6,June,Sunday,30,26,True
2024-07-01,2024,3,7,July,Monday,1,27,False
2024-07-02,2024,3,7,July,Tuesday,2,27,False
2024-07-03,2024,3,7,July,Wednesday,3,27,False
2024-07-04,2024,3,7,July,Thursday,4,27,False
2024-07-05,2024,3,7,July,Friday,5,27,False
2024-07-06,2024,3,7,July,Saturday,6,27,True
2024-07-07,2024,3,7,July,Sunday,7,27,True
2024-07-08,2024,3,7,July,Monday,8,28,False
2024-07-09,2024,3,7,July,Tuesday,9,28,False
2024-07-10,2024,3,7,July,Wednesday,10,28,False
2024-07-11,2024,3,7,July,Thursday,11,28,False
2024-07-12,2024,3,7,July,Friday,12,28,False
2024-07-13,2024,3,7,July,Saturday,13,28,True
2024-07-14,2024,3,7,July,Sunday,14,28,True
2024-07-15,2024,3,7,July,Monday,15,29,False
2024-07-16,2024,3,7,July,Tuesday,16,29,False
2024-07-17,2024,3,7,July,Wednesday,17,29,False
2024-07-18,2024,3,7,July,Thursday,18,29,False
2024-07-19,2024,3,7,July,Friday,19,29,False
2024-07-20,2024,3,7,July,Saturday,20,29,True
2024-07-21,2024,3,7,July,Sunday,21,29,True
2024-07-22,2024,3,7,July,Monday,22,30,False
2024-07-23,2024,3,7,July,Tuesday,23,30,False
2024-07-24,2024,3,7,July,Wednesday,24,30,False
2024-07-25,2024,3,7,July,Thursday,25,30,False
2024-07-26,2024,3,7,July,Friday,26,30,False
2024-07-27,2024,3,7,July,Saturday,27,30,True
2024-07-28,2024,3,7,July,Sunday,28,30,True
2024-07-29,2024,3,7,July,Monday,29,31,False
2024-07-30,2024,3,7,July,Tuesday,30,31,False
2024-07-31,2024,3,7,July,Wednesday,31,31,False
2024-08-01,2024,3,8,August,Thursday,1,31,False
2024-08-02,2024,3,8,August,Friday,2,31,False
2024-08-03,2024,3,8,August,Saturday,3,31,True
2024-08-04,2024,3,8,August,Sunday,4,31,True
2024-08-05,2024,3,8,August,Monday,5,32,False
2024-08-06,2024,3,8,August,Tuesday,6,32,False
2024-08-07,2024,3,8,August,Wednesday,7,32,False
2024-08-08,2024,3,8,August,Thursday,8,32,False
2024-08-09,2024,3,8,August,Friday,9,32,False
2024-08-10,2024,3,8,August,Saturday,10,32,True
2024-08-11,2024,3,8,August,Sunday,11,32,True
2024-08-12,2024,3,8,August,Monday,12,33,False
2024-08-13,2024,3,8,August,Tuesday,13,33,False
2024-08-14,2024,3,8,August,Wednesday,14,33,False
2024-08-15,2024,3,8,August,Thursday,15,33,False
2024-08-16,2024,3,8,August,Friday,16,33,False
2024-08-17,2024,3,8,August,Saturday,17,33,True
2024-08-18,2024,3,8,August,Sunday,18,33,True
2024-08-19,2024,3,8,August,Monday,19,34,False
2024-08-20,2024,3,8,August,Tuesday,20,34,False
2024-08-21,2024,3,8,August,Wednesday,21,34,False
2024-08-22,2024,3,8,August,Thursday,22,34,False
2024-08-23,2024,3,8,August,Friday,23,34,False
2024-08-24,2024,3,8,August,Saturday,24,34,True
2024-08-25,2024,3,8,August,Sunday,25,34,True
2024-08-26,2024,3,8,August,Monday,26,35,False
2024-08-27,2024,3,8,August,Tuesday,27,35,False
2024-08-28,2024,3,8,August,Wednesday,28,35,False
2024-08-29,2024,3,8,August,Thursday,29,35,False
2024-08-30,2024,3,8,August,Friday,30,35,False
2024-08-31,2024,3,8,August,Saturday,31,35,True
2024-09-01,2024,3,9,September,Sunday,1,35,True
2024-09-02,2024,3,9,September,Monday,2,36,False
2024-09-03,2024,3,9,September,Tuesday,3,36,False
2024-09-04,2024,3,9,September,Wednesday,4,36,False
2024-09-05,2024,3,9,September,Thursday,5,36,False
2024-09-06,2024,3,9,September,Friday,6,36,False
2024-09-07,2024,3,9,September,Saturday,7,36,True
2024-09-08,2024,3,9,September,Sunday,8,36,True
2024-09-09,2024,3,9,September,Monday,9,37,False
2024-09-10,2024,3,9,September,Tuesday,10,37,False
2024-09-11,2024,3,9,September,Wednesday,11,37,False
2024-09-12,2024,3,9,September,Thursday,12,37,False
2024-09-13,2024,3,9,September,Friday,13,37,False
2024-09-14,2024,3,9,September,Saturday,14,37,True
2024-09-15,2024,3,9,September,Sunday,15,37,True
2024-09-16,2024,3,9,September,Monday,16,38,False
2024-09-17,2024,3,9,September,Tuesday,17,38,False
2024-09-18,2024,3,9,September,Wednesday,18,38,False
2024-09-19,2024,3,9,September,Thursday,19,38,False
2024-09-20,2024,3,9,September,Friday,20,38,False
2024-09-21,2024,3,9,September,Saturday,21,38,True
2024-09-22,2024,3,9,September,Sunday,22,38,True
2024-09-23,2024,3,9,September,Monday,23,39,False
2024-09-24,2024,3,9,September,Tuesday,24,39,False
2024-09-25,2024,3,9,September,Wednesday,25,39,False
2024-09-26,2024,3,9,September,Thursday,26,39,False
2024-09-27,2024,3,9,September,Friday,27,39,False
2024-09-28,2024,3,9,September,Saturday,28,39,True
2024-09-29,2024,3,9,September,Sunday,29,39,True
2024-09-30,2024,3,9,September,Monday,30,40,False
2024-10-01,2024,4,10,October,Tuesday,1,40,False
2024-10-02,2024,4,10,October,Wednesday,2,40,False
2024-10-03,2024,4,10,October,Thursday,3,40,False
2024-10-04,2024,4,10,October,Friday,4,40,False
2024-10-05,2024,4,10,October,Saturday,5,40,True
2024-10-06,2024,4,10,October,Sunday,6,40,True
2024-10-07,2024,4,10,October,Monday,7,41,False
2024-10-08,2024,4,10,October,Tuesday,8,41,False
2024-10-09,2024,4,10,October,Wednesday,9,41,False
2024-10-10,2024,4,10,October,Thursday,10,41,False
2024-10-11,2024,4,10,October,Friday,11,41,False
2024-10-12,2024,4,10,October,Saturday,12,41,True
2024-10-13,2024,4,10,October,Sunday,13,41,True
2024-10-14,2024,4,10,October,Monday,14,42,False
2024-10-15,2024,4,10,October,Tuesday,15,42,False
2024-10-16,2024,4,10,October,Wednesday,16,42,False
2024-10-17,2024,4,10,October,Thursday,17,42,False
2024-10-18,2024,4,10,October,Friday,18,42,False
2024-10-19,2024,4,10,October,Saturday,19,42,True
2024-10-20,2024,4,10,October,Sunday,20,42,True
2024-10-21,2024,4,10,October,Monday,21,43,False
2024-10-22,2024,4,10,October,Tuesday,22,43,False
2024-10-23,2024,4,10,October,Wednesday,23,43,False
2024-10-24,2024,4,10,October,Thursday,24,43,False
2024-10-25,2024,4,10,October,Friday,25,43,False
2024-10-26,2024,4,10,October,Saturday,26,43,True
2024-10-27,2024,4,10,October,Sunday,27,43,True
2024-10-28,2024,4,10,October,Monday,28,44,False
2024-10-29,2024,4,10,October,Tuesday,29,44,False
2024-10-30,2024,4,10,October,Wednesday,30,44,False
2024-10-31,2024,4,10,October,Thursday,31,44,False
2024-11-01,2024,4,11,November,Friday,1,44,False
2024-11-02,2024,4,11,November,Saturday,2,44,True
2024-11-03,2024,4,11,November,Sunday,3,44,True
2024-11-04,2024,4,11,November,Monday,4,45,False
2024-11-05,2024,4,11,November,Tuesday,5,45,False
2024-11-06,2024,4,11,November,Wednesday,6,45,False
2024-11-07,2024,4,11,November,Thursday,7,45,False
2024-11-08,2024,4,11,November,Friday,8,45,False
2024-11-09,2024,4,11,November,Saturday,9,45,True
2024-11-10,2024,4,11,November,Sunday,10,45,True
2024-11-11,2024,4,11,November,Monday,11,46,False
2024-11-12,2024,4,11,November,Tuesday,12,46,False
2024-11-13,2024,4,11,November,Wednesday,13,46,False
2024-11-14,2024,4,11,November,Thursday,14,46,False
2024-11-15,2024,4,11,November,Friday,15,46,False
2024-11-16,2024,4,11,November,Saturday,16,46,True
2024-11-17,2024,4,11,November,Sunday,17,46,True
2024-11-18,2024,4,11,November,Monday,18,47,False
2024-11-19,2024,4,11,November,Tuesday,19,47,False
2024-11-20,2024,4,11,November,Wednesday,20,47,False
2024-11-21,2024,4,11,November,Thursday,21,47,False
2024-11-22,2024,4,11,November,Friday,22,47,False
2024-11-23,2024,4,11,November,Saturday,23,47,True
2024-11-24,2024,4,11,November,Sunday,24,47,True
2024-11-25,2024,4,11,November,Monday,25,48,False
2024-11-26,2024,4,11,November,Tuesday,26,48,False
2024-11-27,2024,4,11,November,Wednesday,27,48,False
2024-11-28,2024,4,11,November,Thursday,28,48,False
2024-11-29,2024,4,11,November,Friday,29,48,False
2024-11-30,2024,4,11,November,Saturday,30,48,True
2024-12-01,2024,4,12,December,Sunday,1,48,True
2024-12-02,2024,4,12,December,Monday,2,49,False
2024-12-03,2024,4,12,December,Tuesday,3,49,False
2024-12-04,2024,4,12,December,Wednesday,4,49,False
2024-12-05,2024,4,12,December,Thursday,5,49,False
2024-12-06,2024,4,12,December,Friday,6,49,False
2024-12-07,2024,4,12,December,Saturday,7,49,True
2024-12-08,2024,4,12,December,Sunday,8,49,True
2024-12-09,2024,4,12,December,Monday,9,50,False
2024-12-10,2024,4,12,December,Tuesday,10,50,False
2024-12-11,2024,4,12,December,Wednesday,11,50,False
2024-12-12,2024,4,12,December,Thursday,12,50,False
2024-12-13,2024,4,12,December,Friday,13,50,False
2024-12-14,2024,4,12,December,Saturday,14,50,True
2024-12-15,2024,4,12,December,Sunday,15,50,True
2024-12-16,2024,4,12,December,Monday,16,51,False
2024-12-17,2024,4,12,December,Tuesday,17,51,False
2024-12-18,2024,4,12,December,Wednesday,18,51,False
2024-12-19,2024,4,12,December,Thursday,19,51,False
2024-12-20,2024,4,12,December,Friday,20,51,False
2024-12-21,2024,4,12,December,Saturday,21,51,True
2024-12-22,2024,4,12,December,Sunday,22,51,True
2024-12-23,2024,4,12,December,Monday,23,52,False
2024-12-24,2024,4,12,December,Tuesday,24,52,False
2024-12-25,2024,4,12,December,Wednesday,25,52,False
2024-12-26,2024,4,12,December,Thursday,26,52,False
2024-12-27,2024,4,12,December,Friday,27,52,False
2024-12-28,2024,4,12,December,Saturday,28,52,True
2024-12-29,2024,4,12,December,Sunday,29,52,True
2024-12-30,2024,4,12,December,Monday,30,1,False
2024-12-31,2024,4,12,December,Tuesday,31,1,False
