ProductID,ProductName,Category
1,Fasteners SKU-1,Fasteners
2,Tools SKU-2,Tools
3,Electrical SKU-3,Electrical
4,Plumbing SKU-4,Plumbing
5,Fasteners SKU-5,Fasteners
6,Tools SKU-6,Tools
7,Electrical SKU-7,Electrical
8,Plumbing SKU-8,Plumbing
9,Fasteners SKU-9,Fasteners
10,Tools SKU-10,Tools
11,Electrical SKU-11,Electrical
12,Plumbing SKU-12,Plumbing
13,Fasteners SKU-13,Fasteners
14,Tools SKU-14,Tools
15,Electrical SKU-15,Electrical
16,Plumbing SKU-16,Plumbing
17,Fasteners SKU-17,Fasteners
18,Tools SKU-18,Tools
19,Electrical SKU-19,Electrical
20,Plumbing SKU-20,Plumbing
21,Fasteners SKU-21,Fasteners
22,Tools SKU-22,Tools
23,Electrical SKU-23,Electrical
24,Plumbing SKU-24,Plumbing
25,Fasteners SKU-25,Fasteners
26,Tools SKU-26,Tools
27,Electrical SKU-27,Electrical
28,Plumbing SKU-28,Plumbing
29,Fasteners SKU-29,Fasteners
30,Tools SKU-30,Tools
31,Electrical SKU-31,Electrical
32,Plumbing SKU-32,Plumbing
33,Fasteners SKU-33,Fasteners
34,Tools SKU-34,Tools
35,Electrical SKU-35,Electrical
36,Plumbing SKU-36,Plumbing
37,Fasteners SKU-37,Fasteners
38,Tools SKU-38,Tools
39,Electrical SKU-39,Electrical
40,Plumbing SKU-40,Plumbing
